"id","Own","IntentToBuy","BrandAwareness_Anker","BrandAwareness_Bose","BrandAwareness_JBL","BrandAwareness_Philips","BrandAwareness_Sony","BrandAwareness_UE","BrandAwareness_HarmanKardon","BrandAwareness_Beats","BrandAwareness_None","SubjKnow_r1","SubjKnow_r2","SubjKnow_r3","SubjKnow_r4","SubjKnow_r5","PII_1","PII_2","PII_3","PII_4","PII_5","RelImp_battery","RelImp_weight","RelImp_price","RelImp_sound","Gender","GenderLabel","Age","AgeLabel","Residence","Occupation","OccupationLabel","Education","EducationLabel","Income","IncomeLabel"
6,1,1,0,1,1,1,1,0,0,1,0,5,6,2,4,6,5,5,5,4,5,10,10,30,50,1,"female",3,"25-29","Germany",3,"Student",3,"Undergraduate",1,"<500€"
9,1,0,0,1,1,1,1,0,0,0,0,6,6,6,6,6,5,5,5,5,5,15,10,40,35,1,"female",2,"18-24","Germany",3,"Student",2,"High school",2,"501-1000€"
11,1,0,0,1,1,0,0,1,0,1,0,5,5,4,5,6,7,6,7,5,6,30,15,5,50,1,"female",2,"18-24","Germany",3,"Student",3,"Undergraduate",3,"1001-1500€"
12,1,0,0,1,1,0,1,1,1,1,0,5,6,6,5,7,6,5,5,5,5,10,0,45,45,2,"male",3,"25-29","Germany",3,"Student",3,"Undergraduate",2,"501-1000€"
14,1,0,0,1,0,0,0,0,0,1,0,5,6,2,6,6,6,6,6,6,6,50,10,10,30,1,"female",2,"18-24","Germany",3,"Student",4,"Graduate",2,"501-1000€"
15,1,0,0,1,0,0,0,0,0,1,0,6,2,6,6,6,6,6,6,6,6,60,5,5,30,1,"female",2,"18-24","Germany",3,"Student",4,"Graduate",3,"1001-1500€"
22,1,0,0,1,1,1,1,0,0,1,0,7,7,7,7,7,7,7,7,7,7,35,10,20,35,2,"male",2,"18-24","Germany",3,"Student",3,"Undergraduate",2,"501-1000€"
23,1,0,1,1,1,0,0,0,0,1,0,6,7,3,6,6,6,6,6,6,5,20,10,30,40,2,"male",3,"25-29","Germany",1,"Employed",4,"Graduate",5,"2001-2500€"
24,1,0,1,1,1,0,0,0,1,0,0,5,5,5,3,6,6,6,6,5,6,50,5,30,15,1,"female",2,"18-24","Germany",3,"Student",3,"Undergraduate",2,"501-1000€"
31,0,1,0,1,1,0,0,0,0,1,0,4,3,4,4,3,4,4,4,5,5,25,20,20,35,2,"male",3,"25-29","Germany",3,"Student",2,"High school",2,"501-1000€"
38,1,0,0,0,0,0,0,0,0,0,1,3,3,2,2,4,5,5,5,5,5,30,10,20,40,1,"female",3,"25-29","Germany",3,"Student",4,"Graduate",3,"1001-1500€"
39,1,0,1,1,1,1,1,0,0,0,0,7,6,7,7,6,5,6,6,6,6,60,0,10,30,2,"male",3,"25-29","Germany",3,"Student",4,"Graduate",2,"501-1000€"
40,0,1,0,1,1,0,1,0,0,0,0,4,5,4,4,4,4,4,4,5,4,30,10,25,35,2,"male",3,"25-29","Germany",3,"Student",4,"Graduate",3,"1001-1500€"
45,1,1,0,1,1,1,1,1,1,0,0,6,6,6,7,2,4,5,3,4,5,22,15,28,35,2,"male",3,"25-29","Germany",3,"Student",2,"High school",2,"501-1000€"
56,1,0,0,0,1,0,0,0,0,1,0,5,6,3,6,6,3,3,4,4,4,10,10,50,30,2,"male",4,"30-34","Turkey",1,"Employed",4,"Graduate",3,"1001-1500€"
58,1,0,0,1,1,1,1,0,0,1,0,7,6,6,6,6,3,5,3,5,4,20,10,30,40,2,"male",3,"25-29","Turkey",1,"Employed",4,"Graduate",4,"1501-2000€"
59,0,1,0,0,1,1,1,1,0,1,0,4,5,2,5,4,5,5,5,5,5,0,0,20,80,2,"male",3,"25-29","Turkey",1,"Employed",3,"Undergraduate",2,"501-1000€"
60,1,0,0,1,1,1,1,0,1,1,0,7,7,3,6,6,5,5,7,3,5,15,20,40,25,2,"male",3,"25-29","Turkey",1,"Employed",4,"Graduate",2,"501-1000€"
64,0,0,0,0,1,1,1,0,0,0,0,3,3,2,3,3,3,3,3,4,3,20,10,55,15,2,"male",5,"35-39","Turkey",1,"Employed",4,"Graduate",5,"2001-2500€"
66,0,1,0,1,1,1,1,0,0,0,0,6,6,2,3,5,3,3,5,4,3,15,30,30,25,2,"male",3,"25-29","Turkey",1,"Employed",3,"Undergraduate",3,"1001-1500€"
67,0,1,0,1,1,1,1,1,1,1,0,6,4,3,6,4,4,6,4,6,5,30,20,30,20,2,"male",3,"25-29","Turkey",1,"Employed",4,"Graduate",2,"501-1000€"
75,0,0,1,1,0,1,1,0,0,1,0,3,6,2,4,4,5,5,5,5,5,10,0,20,70,1,"female",2,"18-24","Germany",3,"Student",2,"High school",3,"1001-1500€"
76,0,0,0,0,0,0,0,0,0,1,0,2,2,1,4,2,4,5,5,4,5,33,2,30,35,1,"female",2,"18-24","Germany",3,"Student",2,"High school",2,"501-1000€"
78,1,0,0,0,1,1,0,0,0,1,0,3,2,2,3,2,6,6,4,4,3,0,0,40,60,1,"female",3,"25-29","Turkey",1,"Employed",4,"Graduate",8,"rather not say"
81,0,0,0,1,1,0,0,0,0,0,0,2,2,2,4,2,4,2,5,4,5,40,10,30,20,2,"male",2,"18-24","Germany",3,"Student",2,"High school",1,"<500€"
88,0,0,0,0,0,0,0,0,0,0,1,1,1,1,1,1,3,3,2,3,5,50,5,20,25,1,"female",3,"25-29","Germany",3,"Student",4,"Graduate",2,"501-1000€"
94,0,1,0,1,1,0,1,0,0,1,0,5,5,4,6,6,5,6,6,4,5,10,50,20,20,1,"female",2,"18-24","Germany",3,"Student",4,"Graduate",2,"501-1000€"
95,0,0,0,1,1,0,1,0,0,1,0,2,2,1,4,2,3,4,4,4,5,20,10,30,40,3,"Prefer not to answer",3,"25-29","Turkey",1,"Employed",4,"Graduate",8,"rather not say"
96,0,0,0,0,0,0,0,0,0,0,1,2,3,2,5,4,2,3,3,2,3,5,5,30,60,2,"male",3,"25-29","Germany",3,"Student",2,"High school",2,"501-1000€"
104,1,0,0,0,0,1,1,0,0,0,0,6,6,6,6,6,5,7,6,5,5,20,20,40,20,1,"female",3,"25-29","Germany",3,"Student",3,"Undergraduate",2,"501-1000€"
106,0,0,0,1,0,0,0,0,0,0,0,1,2,1,2,2,1,2,1,1,4,10,10,70,10,2,"male",3,"25-29","Benin",3,"Student",3,"Undergraduate",2,"501-1000€"
110,0,0,0,1,1,0,0,0,0,1,0,2,3,3,4,3,4,4,3,3,3,15,5,20,60,1,"female",2,"18-24","Germany",3,"Student",4,"Graduate",1,"<500€"
111,0,0,0,1,1,0,0,1,1,1,0,6,7,2,7,7,4,4,4,2,4,25,15,35,25,2,"male",3,"25-29","Germany",3,"Student",4,"Graduate",2,"501-1000€"
112,1,0,0,1,1,1,1,0,0,1,0,5,5,2,5,5,2,3,3,2,3,30,5,15,50,2,"male",2,"18-24","Germany",3,"Student",4,"Graduate",3,"1001-1500€"
114,0,1,0,0,0,0,0,0,0,0,1,2,3,2,4,2,4,4,4,4,4,35,10,5,50,1,"female",3,"25-29","Ghana",1,"Employed",4,"Graduate",5,"2001-2500€"
115,0,0,0,0,0,0,0,0,0,0,1,4,5,4,5,5,4,4,4,4,4,15,0,75,10,2,"male",2,"18-24","Germany",3,"Student",4,"Graduate",3,"1001-1500€"
116,0,0,0,0,0,1,1,0,0,1,0,4,3,2,4,2,5,4,4,5,4,20,20,20,40,1,"female",3,"25-29","Germany",4,"Unemployed",4,"Graduate",1,"<500€"
120,1,1,0,1,1,0,1,0,1,1,0,4,4,3,6,5,4,4,4,4,4,40,10,20,30,2,"male",3,"25-29","China",3,"Student",4,"Graduate",7,">=3001€"
125,0,0,0,0,0,0,0,0,0,1,0,2,2,1,2,2,4,4,4,4,4,10,10,50,30,1,"female",2,"18-24","United States",3,"Student",3,"Undergraduate",2,"501-1000€"
127,1,0,0,1,0,1,0,0,1,0,0,5,2,2,4,3,2,3,2,2,3,30,30,30,10,1,"female",3,"25-29","China",3,"Student",4,"Graduate",3,"1001-1500€"
134,0,1,1,1,1,1,1,0,0,0,0,4,5,4,6,5,5,5,5,5,5,20,10,50,20,1,"female",2,"18-24","Germany",3,"Student",3,"Undergraduate",1,"<500€"
137,0,0,0,0,0,0,1,0,0,0,0,2,2,2,2,2,2,2,2,2,2,20,10,20,50,3,"Prefer not to answer",2,"18-24","China",1,"Employed",4,"Graduate",2,"501-1000€"
139,1,0,0,1,0,0,0,0,1,0,0,5,6,5,6,6,2,2,3,2,4,30,10,30,30,2,"male",4,"30-34","Turkey",1,"Employed",4,"Graduate",3,"1001-1500€"
145,0,0,0,0,0,0,0,0,0,0,1,2,4,2,4,2,4,4,3,1,4,0,0,100,0,2,"male",6,"40-44","Germany",2,"Self-employed",2,"High school",8,"rather not say"
147,0,0,0,0,0,0,0,0,0,0,1,3,6,2,5,2,3,4,4,3,4,80,10,10,0,1,"female",8,">=50","Germany",1,"Employed",4,"Graduate",8,"rather not say"
149,0,0,0,1,1,0,0,0,0,0,0,4,5,2,4,4,4,4,5,5,4,30,20,10,40,1,"female",3,"25-29","Germany",1,"Employed",4,"Graduate",5,"2001-2500€"
150,1,0,0,0,0,1,1,0,0,0,0,5,5,2,6,4,4,1,4,4,1,42,6,2,50,1,"female",4,"30-34","Germany",1,"Employed",4,"Graduate",7,">=3001€"
152,0,0,1,1,1,1,1,1,1,1,0,6,5,4,7,6,1,2,1,1,1,20,20,0,60,2,"male",3,"25-29","Germany",4,"Unemployed",3,"Undergraduate",7,">=3001€"
155,0,0,0,1,1,0,1,0,0,1,0,4,5,4,4,3,4,5,3,4,1,20,10,30,40,2,"male",2,"18-24","Germany",3,"Student",2,"High school",2,"501-1000€"
156,1,1,0,1,1,1,1,0,1,1,0,2,4,2,6,4,3,3,3,3,4,20,10,20,50,2,"male",2,"18-24","United States",3,"Student",4,"Graduate",8,"rather not say"
157,0,0,0,0,0,0,0,0,0,0,1,1,1,1,2,1,5,3,5,5,3,20,10,35,35,2,"male",3,"25-29","Germany",1,"Employed",3,"Undergraduate",4,"1501-2000€"
159,1,0,0,1,1,0,0,0,1,0,0,2,6,4,7,5,6,6,6,6,7,10,20,20,50,1,"female",3,"25-29","Germany",3,"Student",4,"Graduate",4,"1501-2000€"
160,0,0,0,0,0,0,1,0,0,0,0,2,1,3,4,2,3,4,3,3,6,20,30,25,25,1,"female",2,"18-24","Germany",3,"Student",3,"Undergraduate",2,"501-1000€"
162,0,0,0,0,0,0,0,0,0,0,1,5,5,1,5,5,5,4,6,5,3,15,15,30,40,2,"male",3,"25-29","United States",1,"Employed",3,"Undergraduate",5,"2001-2500€"
163,0,1,1,1,1,1,1,0,1,1,0,2,5,3,5,6,5,4,4,4,5,35,10,20,35,2,"male",2,"18-24","Germany",3,"Student",3,"Undergraduate",2,"501-1000€"
169,0,1,1,1,0,0,0,0,0,1,0,5,5,2,6,6,5,4,5,4,5,25,10,15,50,2,"male",3,"25-29","United States",3,"Student",4,"Graduate",4,"1501-2000€"
170,0,1,0,1,0,0,0,0,1,0,0,3,2,3,4,5,4,7,4,5,6,20,20,10,50,1,"female",2,"18-24","United States",3,"Student",3,"Undergraduate",6,"2501-3000€"
177,0,0,0,1,0,0,0,0,0,0,0,2,2,1,4,2,1,4,2,2,2,35,10,30,25,2,"male",3,"25-29","Germany",3,"Student",3,"Undergraduate",2,"501-1000€"
178,0,0,0,1,0,1,1,0,0,1,0,2,2,1,4,2,3,3,3,3,3,30,10,30,30,1,"female",2,"18-24","Germany",3,"Student",3,"Undergraduate",1,"<500€"
179,0,1,0,1,1,0,0,0,0,0,0,2,2,2,4,2,3,3,2,3,3,10,5,25,60,1,"female",3,"25-29","Germany",3,"Student",4,"Graduate",3,"1001-1500€"
184,1,0,0,1,1,0,1,1,1,1,0,5,4,5,5,5,5,4,5,5,5,20,10,20,50,2,"male",2,"18-24","Belgium",3,"Student",2,"High school",1,"<500€"
185,0,1,0,1,0,0,0,0,0,0,0,5,6,4,6,6,4,6,6,6,5,10,10,45,35,1,"female",2,"18-24","Belgium",3,"Student",4,"Graduate",1,"<500€"
186,0,0,0,1,0,1,1,0,0,1,0,4,4,4,4,4,1,1,1,1,1,10,0,40,50,3,"Prefer not to answer",2,"18-24","Germany",3,"Student",3,"Undergraduate",1,"<500€"
187,1,0,1,1,1,1,1,0,0,1,0,4,5,2,5,4,7,6,7,7,7,30,10,25,35,2,"male",2,"18-24","Germany",3,"Student",3,"Undergraduate",3,"1001-1500€"
188,0,1,0,1,1,1,0,0,0,1,0,3,4,3,3,5,4,4,5,5,4,30,5,40,25,1,"female",2,"18-24","Belgium",3,"Student",3,"Undergraduate",1,"<500€"
189,0,0,0,1,0,1,1,1,0,1,0,2,2,2,3,2,5,4,5,5,5,25,5,35,35,2,"male",2,"18-24","Belgium",3,"Student",2,"High school",1,"<500€"
190,1,0,0,1,0,1,1,0,0,1,0,4,5,1,4,5,4,4,4,5,3,10,0,90,0,2,"male",3,"25-29","United States",1,"Employed",3,"Undergraduate",8,"rather not say"
192,1,0,0,0,0,0,1,0,0,0,0,4,3,4,4,5,6,5,5,6,3,10,10,20,60,1,"female",2,"18-24","Germany",1,"Employed",2,"High school",8,"rather not say"
194,0,0,0,1,1,1,1,0,0,1,0,5,5,3,5,5,4,2,5,2,3,10,10,30,50,2,"male",2,"18-24","Germany",3,"Student",2,"High school",2,"501-1000€"
206,0,1,0,1,1,1,0,0,0,0,0,4,3,4,4,5,5,5,5,4,2,10,40,20,30,2,"male",2,"18-24","Netherlands",3,"Student",4,"Graduate",2,"501-1000€"
212,0,0,0,1,0,1,1,0,0,1,0,4,5,3,5,5,3,3,4,3,4,20,0,40,40,1,"female",2,"18-24","Germany",3,"Student",4,"Graduate",1,"<500€"
213,1,0,0,1,1,0,0,0,0,0,0,6,3,5,3,3,7,7,7,7,7,50,5,5,40,2,"male",2,"18-24","Germany",2,"Self-employed",2,"High school",4,"1501-2000€"
214,1,0,1,1,1,0,0,0,0,0,0,4,5,2,5,5,6,4,5,4,6,25,10,35,30,2,"male",3,"25-29","Germany",1,"Employed",4,"Graduate",4,"1501-2000€"
216,1,0,0,1,0,0,0,0,0,0,0,6,7,3,3,7,6,5,6,7,6,20,10,20,50,2,"male",3,"25-29","Turkey",2,"Self-employed",4,"Graduate",7,">=3001€"
218,0,0,0,1,0,0,0,0,0,0,0,2,7,1,2,1,4,4,3,4,5,10,10,30,50,1,"female",2,"18-24","Belgium",3,"Student",3,"Undergraduate",1,"<500€"
222,0,1,0,1,1,0,0,0,0,1,0,2,2,2,2,2,4,4,5,4,5,25,15,30,30,1,"female",2,"18-24","Germany",3,"Student",5,"Other",2,"501-1000€"
223,0,0,0,1,1,0,0,0,0,0,0,2,2,2,2,2,4,4,4,4,4,10,10,30,50,2,"male",3,"25-29","Turkey",1,"Employed",3,"Undergraduate",4,"1501-2000€"
228,0,1,0,1,0,1,1,0,0,1,0,5,5,5,6,3,6,6,6,6,6,20,25,45,10,3,"Prefer not to answer",2,"18-24","Germany",3,"Student",4,"Graduate",8,"rather not say"
231,0,1,0,0,1,0,0,0,0,0,0,3,2,2,2,2,4,4,4,4,4,2,0,90,8,2,"male",4,"30-34","Portugal",2,"Self-employed",3,"Undergraduate",2,"501-1000€"
233,0,0,0,1,1,1,1,0,0,0,0,5,5,2,6,6,6,6,6,6,6,30,10,35,25,2,"male",3,"25-29","Germany",3,"Student",3,"Undergraduate",2,"501-1000€"
235,1,0,0,0,1,0,0,1,0,0,0,4,5,4,7,6,5,5,5,5,5,20,15,40,25,1,"female",3,"25-29","Germany",3,"Student",3,"Undergraduate",2,"501-1000€"
238,1,0,1,1,1,0,1,1,1,1,0,6,6,5,6,6,7,6,7,6,7,15,5,30,50,2,"male",3,"25-29","Germany",3,"Student",3,"Undergraduate",2,"501-1000€"
239,1,1,0,1,1,0,1,0,0,1,0,4,4,4,4,4,5,5,5,4,5,20,10,35,35,1,"female",3,"25-29","Germany",3,"Student",4,"Graduate",1,"<500€"
244,0,0,0,1,1,0,0,0,0,1,0,2,2,1,3,2,3,2,4,3,2,10,5,25,60,2,"male",2,"18-24","China",3,"Student",4,"Graduate",1,"<500€"
245,1,0,0,1,1,1,1,1,1,0,0,5,5,3,4,5,5,6,5,7,5,10,5,15,70,2,"male",2,"18-24","Germany",3,"Student",3,"Undergraduate",3,"1001-1500€"
252,1,1,0,0,0,0,0,1,0,0,0,5,5,4,2,4,5,4,6,5,5,40,1,19,40,2,"male",2,"18-24","Bulgaria",3,"Student",2,"High school",8,"rather not say"
256,0,0,1,1,0,1,1,0,0,1,0,2,2,4,4,2,4,4,5,4,5,20,10,50,20,2,"male",3,"25-29","Bulgaria",2,"Self-employed",4,"Graduate",1,"<500€"
257,0,1,0,1,1,1,1,0,0,1,0,2,2,1,4,2,4,4,5,4,5,30,0,30,40,2,"male",3,"25-29","Denmark",1,"Employed",4,"Graduate",5,"2001-2500€"
259,1,1,0,0,1,0,0,0,0,1,0,5,5,4,3,5,5,5,5,4,4,30,5,15,50,2,"male",3,"25-29","Germany",2,"Self-employed",4,"Graduate",3,"1001-1500€"
262,1,0,0,0,1,1,1,0,0,1,0,5,6,3,6,6,4,4,4,4,4,35,15,15,35,3,"Prefer not to answer",3,"25-29","Benin",1,"Employed",3,"Undergraduate",8,"rather not say"
264,0,1,0,1,0,1,0,0,0,0,0,3,4,3,4,3,4,5,4,5,4,25,25,25,25,1,"female",2,"18-24","Germany",3,"Student",4,"Graduate",2,"501-1000€"
267,1,0,0,1,0,1,1,0,0,1,0,3,3,5,5,5,5,5,5,5,5,20,20,30,30,2,"male",3,"25-29","Bulgaria",1,"Employed",4,"Graduate",3,"1001-1500€"
268,1,1,0,0,0,1,1,0,0,1,0,4,5,2,5,5,5,5,5,5,4,5,5,40,50,1,"female",3,"25-29","Denmark",3,"Student",4,"Graduate",4,"1501-2000€"
276,1,1,0,0,1,0,0,0,1,1,0,7,1,7,7,7,4,5,7,6,1,10,15,10,65,2,"male",4,"30-34","Germany",1,"Employed",4,"Graduate",2,"501-1000€"
278,1,0,0,1,1,1,1,0,0,0,0,3,3,3,4,3,2,3,2,2,3,20,15,5,60,2,"male",8,">=50","Switzerland",1,"Employed",2,"High school",7,">=3001€"
279,0,0,0,1,0,0,0,0,0,0,0,2,2,1,2,2,1,1,1,1,1,10,30,60,0,2,"male",5,"35-39","Malaysia",1,"Employed",3,"Undergraduate",3,"1001-1500€"
280,0,0,0,1,0,1,1,0,0,0,0,2,2,2,3,2,4,3,4,4,4,30,30,10,30,1,"female",8,">=50","Switzerland",1,"Employed",2,"High school",3,"1001-1500€"
283,0,1,0,0,0,0,0,0,0,1,0,2,4,2,5,4,5,5,5,3,4,30,0,40,30,2,"male",3,"25-29","Germany",1,"Employed",2,"High school",3,"1001-1500€"
284,0,0,0,1,1,0,1,0,0,1,0,4,6,3,5,4,2,2,2,2,2,10,10,40,40,2,"male",3,"25-29","Turkey",1,"Employed",4,"Graduate",2,"501-1000€"
285,1,0,0,0,0,0,0,0,0,1,0,5,3,4,4,3,5,2,1,4,4,40,10,20,30,2,"male",3,"25-29","Turkey",3,"Student",2,"High school",2,"501-1000€"
288,0,1,0,1,1,0,1,0,0,1,0,6,6,3,6,7,4,4,4,4,4,40,30,15,15,1,"female",2,"18-24","Germany",3,"Student",2,"High school",1,"<500€"
289,0,0,0,1,0,1,0,0,0,1,0,3,5,2,6,5,6,2,3,2,2,20,10,60,10,1,"female",2,"18-24","Germany",3,"Student",4,"Graduate",2,"501-1000€"
293,0,0,0,1,1,1,1,1,0,1,0,6,6,2,6,6,4,4,4,4,4,25,10,25,40,2,"male",3,"25-29","Germany",2,"Self-employed",4,"Graduate",4,"1501-2000€"
298,1,0,0,1,1,0,0,0,1,1,0,5,6,4,5,6,6,6,6,6,6,15,5,30,50,1,"female",5,"35-39","Malaysia",1,"Employed",4,"Graduate",1,"<500€"
299,0,0,0,0,0,1,1,0,0,0,0,1,1,1,2,1,1,3,1,3,3,20,20,40,20,1,"female",2,"18-24","Syria",4,"Unemployed",4,"Graduate",1,"<500€"
300,1,1,0,1,1,0,0,0,0,0,0,6,6,6,6,6,2,6,6,4,5,10,30,10,50,2,"male",3,"25-29","Germany",1,"Employed",4,"Graduate",3,"1001-1500€"
301,0,0,0,0,0,1,1,0,0,0,0,1,1,1,2,1,2,2,2,2,2,20,10,50,20,1,"female",8,">=50","Syria",4,"Unemployed",4,"Graduate",3,"1001-1500€"
303,0,0,0,0,1,1,1,0,0,0,0,2,2,1,2,2,1,2,1,1,1,20,20,40,20,2,"male",8,">=50","Syria",2,"Self-employed",4,"Graduate",7,">=3001€"
304,1,0,1,0,1,1,1,0,0,0,0,5,6,3,6,6,6,6,6,6,6,20,20,30,30,2,"male",2,"18-24","Syria",4,"Unemployed",4,"Graduate",2,"501-1000€"
307,0,0,0,0,0,1,1,0,0,0,0,1,7,1,7,7,1,1,1,1,1,10,5,80,5,1,"female",8,">=50","Germany",1,"Employed",4,"Graduate",8,"rather not say"
319,0,0,1,1,0,1,1,0,0,1,0,3,5,1,6,4,1,1,1,1,1,20,20,0,60,2,"male",3,"25-29","Germany",1,"Employed",4,"Graduate",7,">=3001€"
322,1,0,1,0,1,0,0,0,0,0,0,3,5,3,3,6,6,5,5,5,6,20,10,45,25,2,"male",3,"25-29","Germany",3,"Student",5,"Other",1,"<500€"
323,1,0,1,0,1,0,1,0,0,1,0,7,7,6,6,7,6,6,5,6,5,15,5,20,60,2,"male",3,"25-29","Germany",1,"Employed",4,"Graduate",4,"1501-2000€"
324,0,0,0,0,1,1,1,0,0,0,0,1,2,2,1,1,2,2,2,2,2,20,20,40,20,1,"female",7,"45-49","Syria",4,"Unemployed",4,"Graduate",2,"501-1000€"
325,0,0,0,0,1,1,1,0,0,1,0,2,2,2,2,2,1,2,1,1,1,20,20,30,30,1,"female",8,">=50","Syria",4,"Unemployed",4,"Graduate",2,"501-1000€"
326,0,0,0,1,1,1,1,0,0,0,0,2,2,2,2,2,2,2,2,2,2,30,10,30,30,2,"male",7,"45-49","Syria",1,"Employed",4,"Graduate",3,"1001-1500€"
327,1,0,0,0,1,1,1,0,0,1,0,6,6,4,6,5,5,5,6,5,5,20,20,40,20,2,"male",1,"<18","Syria",3,"Student",3,"Undergraduate",1,"<500€"
328,1,0,0,1,0,1,1,0,0,1,0,6,7,6,6,6,7,7,7,6,7,30,20,10,40,2,"male",4,"30-34","United Kingdom",1,"Employed",4,"Graduate",6,"2501-3000€"
329,1,0,1,1,1,1,1,0,1,0,0,6,6,5,6,6,4,5,6,5,6,20,20,30,30,2,"male",4,"30-34","Germany",3,"Student",4,"Graduate",2,"501-1000€"
331,0,1,0,1,1,0,0,0,0,0,0,2,3,3,4,5,4,3,3,3,2,20,30,20,30,2,"male",2,"18-24","China",4,"Unemployed",4,"Graduate",8,"rather not say"
333,0,1,0,0,1,1,0,0,0,1,0,2,2,2,3,3,7,6,7,6,2,50,10,10,30,1,"female",3,"25-29","Bulgaria",1,"Employed",3,"Undergraduate",1,"<500€"
339,0,1,0,1,1,1,1,0,0,1,0,3,4,2,4,5,3,4,5,4,4,20,10,30,40,2,"male",4,"30-34","Bulgaria",1,"Employed",4,"Graduate",8,"rather not say"
345,1,0,0,1,1,0,1,0,0,0,0,4,3,1,7,4,2,3,2,1,1,15,15,15,55,1,"female",4,"30-34","Germany",1,"Employed",4,"Graduate",4,"1501-2000€"
346,1,0,0,1,1,1,1,0,1,1,0,3,3,3,2,3,2,2,2,2,2,40,5,40,15,1,"female",2,"18-24","Turkey",1,"Employed",4,"Graduate",8,"rather not say"
348,1,1,0,1,1,1,0,0,0,0,0,5,5,3,5,5,6,6,6,5,5,15,5,40,40,1,"female",3,"25-29","Turkey",1,"Employed",4,"Graduate",3,"1001-1500€"
355,0,1,0,0,1,0,1,0,0,1,0,6,5,6,6,6,3,4,3,4,3,5,15,50,30,2,"male",3,"25-29","Germany",3,"Student",4,"Graduate",2,"501-1000€"
357,0,1,1,1,1,1,1,0,0,1,0,4,6,5,4,6,6,5,6,6,6,30,10,30,30,2,"male",3,"25-29","Germany",4,"Unemployed",4,"Graduate",8,"rather not say"
358,0,1,0,1,0,0,1,0,0,1,0,2,2,1,2,2,4,5,5,4,4,30,20,20,30,1,"female",2,"18-24","Belgium",3,"Student",4,"Graduate",1,"<500€"
359,1,0,0,1,1,0,1,1,0,1,0,6,6,4,6,6,7,7,7,7,7,20,10,30,40,2,"male",2,"18-24","United States",3,"Student",2,"High school",2,"501-1000€"
360,1,1,1,0,0,0,1,0,0,0,0,6,3,4,3,4,4,5,4,3,4,50,20,5,25,2,"male",4,"30-34","United States",4,"Unemployed",4,"Graduate",7,">=3001€"
367,0,1,0,1,0,1,1,0,0,1,0,3,4,2,4,4,4,4,4,4,4,20,20,20,40,1,"female",2,"18-24","Germany",1,"Employed",4,"Graduate",3,"1001-1500€"
369,0,0,1,0,1,0,1,0,0,0,0,4,3,2,5,4,5,4,2,4,5,24,22,20,34,2,"male",3,"25-29","Germany",1,"Employed",2,"High school",6,"2501-3000€"
371,1,0,0,1,1,0,1,0,0,1,0,6,5,3,5,5,6,5,4,6,3,30,20,20,30,1,"female",2,"18-24","Netherlands",3,"Student",2,"High school",2,"501-1000€"
378,0,0,0,0,0,0,0,0,0,0,1,5,5,2,4,4,1,2,1,1,2,4,0,90,6,1,"female",2,"18-24","Germany",1,"Employed",3,"Undergraduate",3,"1001-1500€"
379,0,1,0,0,0,0,1,0,0,1,0,6,6,4,4,6,5,3,4,3,5,10,0,50,40,3,"Prefer not to answer",2,"18-24","Iran",3,"Student",2,"High school",1,"<500€"
382,0,0,0,0,0,0,0,0,0,0,1,2,2,1,4,2,3,4,3,4,3,30,0,70,0,2,"male",8,">=50","Germany",2,"Self-employed",4,"Graduate",5,"2001-2500€"
383,1,0,0,0,0,1,1,0,1,1,0,6,5,2,6,5,6,6,6,6,6,50,30,10,10,3,"Prefer not to answer",2,"18-24","Russia",1,"Employed",4,"Graduate",3,"1001-1500€"
384,1,1,0,1,1,1,1,0,0,0,0,2,2,2,4,2,5,5,5,5,4,40,0,0,60,2,"male",3,"25-29","Finland",1,"Employed",1,"Less than high school",7,">=3001€"
386,1,0,0,1,1,0,1,0,1,1,0,5,6,4,4,5,6,5,6,4,5,20,10,30,40,1,"female",2,"18-24","Germany",1,"Employed",3,"Undergraduate",4,"1501-2000€"
387,1,0,0,1,1,0,1,1,0,1,0,5,5,5,5,5,4,5,4,4,3,10,20,30,40,2,"male",3,"25-29","Netherlands",3,"Student",3,"Undergraduate",3,"1001-1500€"
390,1,0,0,1,0,0,1,0,0,1,0,2,5,3,5,6,5,4,5,4,5,15,20,40,25,1,"female",2,"18-24","Germany",3,"Student",3,"Undergraduate",2,"501-1000€"
392,0,1,1,1,0,0,0,1,0,0,0,5,3,1,3,5,5,5,5,5,5,20,5,25,50,2,"male",4,"30-34","Turkey",1,"Employed",4,"Graduate",3,"1001-1500€"
393,1,0,0,1,1,1,1,0,0,0,0,5,2,5,6,6,5,5,5,5,5,30,10,10,50,2,"male",8,">=50","Germany",1,"Employed",5,"Other",8,"rather not say"
398,0,0,0,1,0,0,1,0,0,0,0,3,3,2,4,3,3,3,5,3,3,20,30,30,20,2,"male",3,"25-29","Germany",3,"Student",3,"Undergraduate",8,"rather not say"
401,0,1,0,1,1,1,1,0,0,1,0,5,5,4,5,5,4,6,4,3,6,30,20,20,30,1,"female",2,"18-24","Germany",1,"Employed",4,"Graduate",5,"2001-2500€"
402,0,1,0,1,1,1,1,0,0,0,0,2,1,1,4,1,5,4,4,4,3,10,20,20,50,1,"female",8,">=50","France",1,"Employed",4,"Graduate",8,"rather not say"
403,0,1,1,1,1,0,1,0,0,0,0,7,7,6,7,7,6,4,6,5,5,30,0,0,70,2,"male",3,"25-29","Germany",3,"Student",3,"Undergraduate",1,"<500€"
405,1,0,0,1,1,0,1,0,0,1,0,6,6,4,5,6,6,6,6,6,6,30,5,35,30,2,"male",2,"18-24","Germany",1,"Employed",2,"High school",5,"2001-2500€"
412,1,1,0,1,0,0,0,0,0,0,0,6,7,6,6,6,6,5,6,6,4,15,10,45,30,2,"male",2,"18-24","Germany",3,"Student",3,"Undergraduate",2,"501-1000€"
413,0,1,0,1,1,1,1,0,0,1,0,3,3,3,4,5,4,4,4,4,3,10,25,30,35,2,"male",3,"25-29","China",3,"Student",4,"Graduate",3,"1001-1500€"
415,0,0,0,0,0,1,1,0,0,0,0,5,5,1,5,3,5,5,5,5,5,25,5,30,40,2,"male",2,"18-24","Germany",3,"Student",2,"High school",1,"<500€"
416,0,1,0,0,1,0,0,0,0,0,0,4,5,4,6,6,4,4,4,4,4,5,15,40,40,2,"male",2,"18-24","Germany",3,"Student",2,"High school",2,"501-1000€"
417,0,0,0,1,0,0,0,0,0,0,0,3,3,2,3,2,2,6,5,3,6,5,5,40,50,1,"female",2,"18-24","Germany",3,"Student",3,"Undergraduate",1,"<500€"
418,0,1,0,1,1,0,0,0,0,0,0,4,3,3,3,2,2,6,6,7,7,25,15,35,25,1,"female",2,"18-24","France",3,"Student",3,"Undergraduate",1,"<500€"
419,0,0,0,0,0,0,0,0,0,0,1,2,2,1,2,2,3,3,3,5,3,30,0,40,30,1,"female",8,">=50","Germany",1,"Employed",2,"High school",5,"2001-2500€"
420,1,0,1,1,1,1,1,1,1,1,0,7,1,7,7,7,5,6,6,6,6,15,10,25,50,2,"male",3,"25-29","Germany",3,"Student",4,"Graduate",4,"1501-2000€"
431,0,0,1,1,1,1,1,1,1,1,0,6,6,5,7,6,5,4,4,4,4,10,0,30,60,2,"male",3,"25-29","Germany",3,"Student",3,"Undergraduate",2,"501-1000€"
440,0,0,0,0,0,0,0,0,0,0,1,1,1,1,1,1,1,1,1,1,1,25,15,35,25,1,"female",2,"18-24","China",3,"Student",3,"Undergraduate",2,"501-1000€"
442,0,0,0,0,0,0,1,0,0,1,0,2,2,2,2,2,2,3,2,3,5,60,0,40,0,1,"female",2,"18-24","United Kingdom",3,"Student",4,"Graduate",1,"<500€"
450,1,1,0,1,0,0,0,0,0,0,0,3,6,2,6,4,5,4,3,5,4,10,10,10,70,2,"male",2,"18-24","Germany",3,"Student",3,"Undergraduate",2,"501-1000€"
451,0,1,0,0,1,0,1,0,0,0,0,2,2,2,4,2,2,4,4,3,2,15,5,35,45,1,"female",2,"18-24","China",3,"Student",3,"Undergraduate",1,"<500€"
457,1,0,0,0,1,0,0,0,0,0,0,5,6,5,6,6,6,6,6,6,6,10,1,19,70,2,"male",8,">=50","Germany",1,"Employed",4,"Graduate",7,">=3001€"
458,0,1,0,1,1,0,1,0,1,1,0,2,3,2,4,3,4,4,4,4,2,30,10,10,50,2,"male",8,">=50","Germany",1,"Employed",1,"Less than high school",7,">=3001€"
460,1,0,0,1,1,1,1,0,0,1,0,2,2,2,3,3,5,6,6,5,6,10,0,30,60,1,"female",2,"18-24","Germany",3,"Student",2,"High school",1,"<500€"
461,1,0,0,1,1,1,1,0,0,1,0,2,2,4,4,3,5,6,5,6,6,25,10,40,25,1,"female",3,"25-29","Germany",1,"Employed",2,"High school",4,"1501-2000€"
466,1,0,0,1,0,0,1,0,0,0,0,1,1,1,1,1,4,4,4,4,4,10,30,30,30,1,"female",8,">=50","United States",1,"Employed",4,"Graduate",8,"rather not say"
468,0,1,0,0,0,1,0,0,0,0,0,2,3,2,4,3,5,6,4,5,4,20,20,40,20,1,"female",3,"25-29","Germany",4,"Unemployed",4,"Graduate",3,"1001-1500€"
469,1,0,0,1,0,0,0,0,0,0,0,5,4,2,4,6,6,5,5,5,4,15,5,0,80,1,"female",3,"25-29","Germany",3,"Student",4,"Graduate",8,"rather not say"
471,0,0,0,0,0,1,1,0,0,0,0,2,2,1,2,2,1,1,1,1,1,20,10,65,5,1,"female",2,"18-24","Germany",3,"Student",4,"Graduate",2,"501-1000€"
473,0,0,0,1,1,0,1,0,0,1,0,2,4,2,2,2,3,5,4,5,3,5,5,50,40,1,"female",2,"18-24","France",3,"Student",2,"High school",1,"<500€"
474,1,1,0,1,1,0,0,1,0,0,0,2,2,2,4,2,6,6,5,5,7,20,10,30,40,1,"female",2,"18-24","Germany",3,"Student",2,"High school",2,"501-1000€"
485,1,0,0,1,1,1,1,0,0,1,0,4,3,6,5,4,6,7,7,5,6,25,5,20,50,3,"Prefer not to answer",3,"25-29","Germany",3,"Student",3,"Undergraduate",2,"501-1000€"
488,1,0,0,1,1,1,1,0,0,1,0,3,5,3,4,5,2,3,3,2,3,30,10,20,40,1,"female",2,"18-24","Germany",3,"Student",2,"High school",2,"501-1000€"
490,0,1,0,0,0,1,0,0,0,0,0,3,3,1,4,2,2,4,4,5,4,50,0,0,50,1,"female",2,"18-24","Turkey",1,"Employed",4,"Graduate",2,"501-1000€"
492,0,1,1,1,1,0,0,1,1,0,0,2,2,5,6,6,4,6,5,5,5,10,0,70,20,2,"male",2,"18-24","China",3,"Student",3,"Undergraduate",2,"501-1000€"
502,1,1,1,1,1,0,1,0,1,1,0,7,7,5,7,7,6,7,6,6,5,30,5,15,50,2,"male",4,"30-34","Turkey",1,"Employed",4,"Graduate",3,"1001-1500€"
504,0,1,0,0,1,0,1,0,0,1,0,1,1,1,7,1,3,3,3,2,4,25,25,40,10,2,"male",2,"18-24","Turkey",3,"Student",3,"Undergraduate",1,"<500€"
507,0,0,0,0,1,0,1,0,0,1,0,5,2,2,4,3,3,3,3,4,3,20,0,30,50,2,"male",2,"18-24","Turkey",3,"Student",2,"High school",1,"<500€"
509,1,1,0,1,1,0,0,0,1,0,0,7,7,7,7,7,7,7,7,7,7,50,1,1,48,2,"male",3,"25-29","Turkey",2,"Self-employed",4,"Graduate",7,">=3001€"
511,0,0,0,1,0,1,1,0,0,0,0,6,7,2,6,5,6,5,4,6,3,20,40,10,30,1,"female",3,"25-29","Germany",4,"Unemployed",4,"Graduate",1,"<500€"
514,1,1,0,0,1,0,0,0,0,0,0,5,5,3,5,5,6,5,5,5,5,30,20,40,10,2,"male",2,"18-24","Turkey",3,"Student",2,"High school",1,"<500€"
515,1,0,0,1,1,1,1,1,1,1,0,7,7,5,7,7,4,5,3,5,2,20,20,20,40,2,"male",3,"25-29","Turkey",1,"Employed",4,"Graduate",4,"1501-2000€"
517,0,1,0,0,1,1,1,0,0,1,0,3,5,2,3,3,6,6,6,6,2,20,10,30,40,1,"female",3,"25-29","Turkey",3,"Student",4,"Graduate",2,"501-1000€"
518,1,0,0,1,1,1,0,1,0,1,0,4,5,2,5,5,5,5,6,5,6,15,5,10,70,1,"female",2,"18-24","Germany",3,"Student",3,"Undergraduate",1,"<500€"
519,1,1,0,1,1,0,0,0,0,1,0,7,7,6,7,7,7,7,7,7,7,30,10,30,30,1,"female",2,"18-24","Turkey",3,"Student",2,"High school",1,"<500€"
521,0,0,0,0,0,1,0,0,0,0,0,2,2,2,2,2,4,3,6,6,3,20,10,30,40,1,"female",2,"18-24","Turkey",3,"Student",2,"High school",1,"<500€"
526,0,1,0,1,1,0,1,0,1,1,0,2,3,3,4,3,5,6,5,5,5,30,10,30,30,1,"female",4,"30-34","Turkey",1,"Employed",3,"Undergraduate",4,"1501-2000€"
530,1,1,1,1,1,0,1,0,0,1,0,6,6,5,6,7,5,4,5,5,6,15,5,30,50,2,"male",3,"25-29","Germany",1,"Employed",4,"Graduate",2,"501-1000€"
532,0,0,0,1,1,1,1,1,1,1,0,5,5,2,5,5,5,5,6,6,5,20,5,35,40,1,"female",2,"18-24","Turkey",3,"Student",2,"High school",2,"501-1000€"
533,1,0,0,1,1,1,1,0,0,0,0,2,3,4,2,2,5,5,4,5,4,5,5,10,80,1,"female",8,">=50","Germany",1,"Employed",5,"Other",3,"1001-1500€"
535,0,0,0,1,1,1,1,0,1,1,0,6,6,5,6,6,4,4,4,4,4,20,20,10,50,2,"male",2,"18-24","Turkey",1,"Employed",3,"Undergraduate",7,">=3001€"
537,0,0,0,1,1,0,0,0,0,1,0,2,2,1,5,2,4,4,2,2,2,20,20,10,50,1,"female",2,"18-24","Germany",3,"Student",2,"High school",3,"1001-1500€"
594,0,1,0,0,0,0,0,0,0,0,1,2,2,2,5,2,3,3,3,3,2,15,30,40,15,2,"male",2,"18-24","Turkey",3,"Student",2,"High school",1,"<500€"
598,0,1,0,1,1,1,1,0,0,1,0,5,5,3,5,6,6,6,6,6,6,15,10,15,60,1,"female",4,"30-34","Germany",2,"Self-employed",4,"Graduate",2,"501-1000€"
601,0,0,0,0,0,0,0,0,0,0,1,2,2,1,2,2,2,3,3,3,3,15,15,50,20,2,"male",4,"30-34","Finland",1,"Employed",4,"Graduate",8,"rather not say"
604,0,1,0,1,0,1,1,0,0,1,0,5,4,2,6,5,5,4,5,4,5,25,25,40,10,2,"male",3,"25-29","United States",3,"Student",3,"Undergraduate",8,"rather not say"
608,0,0,0,0,1,1,1,0,0,0,0,3,3,3,3,3,3,2,4,5,3,30,10,40,20,1,"female",2,"18-24","Turkey",3,"Student",2,"High school",1,"<500€"
620,1,0,0,0,1,1,1,0,0,1,0,6,2,5,6,7,7,7,6,7,6,30,1,9,60,2,"male",2,"18-24","Turkey",3,"Student",3,"Undergraduate",8,"rather not say"
622,0,0,0,0,0,0,0,0,0,0,1,3,2,1,2,2,4,4,4,5,5,20,10,20,50,2,"male",2,"18-24","United Kingdom",3,"Student",2,"High school",2,"501-1000€"
625,0,0,0,1,0,0,1,0,0,0,0,5,4,2,5,6,4,3,5,3,4,30,20,0,50,1,"female",8,">=50","Belgium",2,"Self-employed",4,"Graduate",8,"rather not say"
630,0,1,0,0,0,0,0,0,0,0,1,2,2,1,3,2,4,4,4,4,4,10,0,50,40,1,"female",2,"18-24","Turkey",1,"Employed",4,"Graduate",2,"501-1000€"
631,0,0,0,1,1,1,1,1,0,0,0,2,2,2,2,2,5,5,5,5,5,35,0,50,15,1,"female",2,"18-24","Germany",3,"Student",2,"High school",1,"<500€"
632,0,0,0,0,1,1,1,0,0,1,0,2,2,2,4,2,4,4,4,4,4,25,10,35,30,1,"female",2,"18-24","Germany",3,"Student",3,"Undergraduate",8,"rather not say"
633,0,0,0,1,1,1,1,0,1,0,0,4,5,3,5,6,4,5,4,4,5,20,10,40,30,2,"male",2,"18-24","Turkey",3,"Student",4,"Graduate",2,"501-1000€"
634,0,1,1,1,1,1,0,0,0,1,0,2,2,2,5,2,5,4,4,5,6,20,10,20,50,1,"female",2,"18-24","Germany",2,"Self-employed",2,"High school",3,"1001-1500€"
635,0,1,0,1,1,1,1,0,0,1,0,5,6,5,5,6,5,3,4,3,5,30,15,30,25,1,"female",2,"18-24","Germany",3,"Student",4,"Graduate",2,"501-1000€"
638,1,1,0,0,0,1,0,0,0,0,0,2,2,1,5,3,3,5,2,3,3,20,40,30,10,1,"female",2,"18-24","Turkey",3,"Student",2,"High school",2,"501-1000€"
639,0,0,0,1,0,0,0,0,0,1,0,1,2,1,2,1,1,1,1,1,1,80,0,20,0,1,"female",2,"18-24","Germany",1,"Employed",2,"High school",3,"1001-1500€"
641,1,0,0,1,0,0,0,0,0,0,0,3,3,2,4,5,6,5,5,5,5,40,10,10,40,1,"female",2,"18-24","Germany",3,"Student",2,"High school",2,"501-1000€"
644,1,0,0,1,1,1,1,0,0,1,0,6,5,3,5,5,1,4,1,1,1,10,5,80,5,2,"male",2,"18-24","Germany",3,"Student",3,"Undergraduate",2,"501-1000€"
645,1,1,0,1,1,1,1,0,0,0,0,6,6,4,6,6,6,5,5,5,5,20,5,25,50,1,"female",3,"25-29","Germany",3,"Student",3,"Undergraduate",2,"501-1000€"
647,0,1,0,1,1,0,0,0,0,0,0,3,3,3,4,4,5,4,3,5,5,10,8,12,70,1,"female",3,"25-29","Germany",3,"Student",2,"High school",2,"501-1000€"
652,1,0,0,1,1,1,1,1,1,1,0,5,5,4,5,5,4,5,3,3,5,25,5,20,50,2,"male",3,"25-29","Germany",3,"Student",2,"High school",3,"1001-1500€"
654,1,0,0,0,0,1,0,0,0,0,0,2,6,2,4,2,3,2,2,2,2,20,40,10,30,1,"female",8,">=50","Finland",1,"Employed",4,"Graduate",7,">=3001€"
655,1,1,0,1,1,0,0,0,0,0,0,5,5,5,4,4,2,6,2,5,3,20,20,10,50,2,"male",3,"25-29","Turkey",3,"Student",2,"High school",3,"1001-1500€"
656,0,0,0,0,0,1,1,0,0,1,0,4,5,2,3,3,3,4,4,5,4,40,15,30,15,1,"female",2,"18-24","Egypt",1,"Employed",3,"Undergraduate",8,"rather not say"
662,1,0,0,1,0,0,0,0,0,0,0,5,6,3,5,4,6,7,7,6,7,40,0,20,40,3,"Prefer not to answer",2,"18-24","Netherlands",1,"Employed",4,"Graduate",4,"1501-2000€"
666,1,0,0,0,0,0,1,0,0,0,0,3,4,2,5,4,2,4,3,3,3,30,10,50,10,2,"male",6,"40-44","Germany",1,"Employed",2,"High school",7,">=3001€"
670,1,0,0,1,1,0,0,0,0,1,0,2,2,2,2,2,4,5,4,4,3,25,15,30,30,2,"male",3,"25-29","Finland",3,"Student",3,"Undergraduate",3,"1001-1500€"
673,0,0,0,1,0,1,1,0,0,1,0,6,6,4,6,6,2,2,2,2,3,20,5,40,35,2,"male",4,"30-34","Saudi Arabia",1,"Employed",3,"Undergraduate",5,"2001-2500€"
675,0,1,0,1,0,1,1,0,1,0,0,5,6,5,6,6,4,4,6,5,5,20,20,30,30,1,"female",4,"30-34","Germany",1,"Employed",4,"Graduate",8,"rather not say"
676,0,0,0,1,1,0,0,0,0,0,0,2,4,3,4,4,4,4,5,4,5,20,15,35,30,2,"male",2,"18-24","Germany",3,"Student",2,"High school",2,"501-1000€"
678,0,0,0,1,1,0,0,0,0,1,0,4,4,2,5,5,4,4,3,3,3,88,4,4,4,2,"male",3,"25-29","Saudi Arabia",1,"Employed",4,"Graduate",7,">=3001€"
680,1,0,1,1,1,0,0,0,1,1,0,3,3,2,4,3,3,4,5,3,5,30,0,0,70,2,"male",4,"30-34","Germany",2,"Self-employed",4,"Graduate",7,">=3001€"
683,1,1,0,1,1,0,0,0,0,0,0,4,4,2,6,5,6,7,7,6,2,10,20,30,40,2,"male",3,"25-29","Finland",3,"Student",3,"Undergraduate",2,"501-1000€"
685,1,0,0,1,1,1,1,0,0,0,0,6,6,5,7,6,5,6,6,5,4,20,15,30,35,2,"male",3,"25-29","Netherlands",3,"Student",3,"Undergraduate",2,"501-1000€"
689,0,0,0,0,1,0,0,0,0,0,0,4,4,5,4,4,3,2,3,4,5,30,5,15,50,2,"male",8,">=50","Germany",1,"Employed",4,"Graduate",8,"rather not say"
690,0,1,1,1,0,1,1,0,0,1,0,2,2,2,2,3,5,5,6,5,4,20,10,35,35,1,"female",2,"18-24","Germany",3,"Student",4,"Graduate",1,"<500€"
698,1,0,0,1,1,1,1,0,0,0,0,2,6,2,5,6,4,5,4,4,4,30,10,20,40,1,"female",7,"45-49","Germany",2,"Self-employed",4,"Graduate",5,"2001-2500€"
699,0,0,0,0,0,0,0,0,0,1,0,2,2,1,3,3,5,5,5,5,5,20,20,35,25,1,"female",4,"30-34","Germany",3,"Student",3,"Undergraduate",2,"501-1000€"
700,1,0,0,1,0,0,0,0,0,0,0,6,7,5,7,7,6,6,6,6,6,20,0,10,70,2,"male",7,"45-49","Germany",1,"Employed",2,"High school",8,"rather not say"
702,1,0,0,0,1,0,0,0,0,0,0,4,2,5,6,5,2,3,2,2,3,40,20,10,30,2,"male",5,"35-39","Germany",1,"Employed",4,"Graduate",7,">=3001€"
704,1,1,0,1,0,0,0,0,0,0,0,6,6,4,6,6,5,6,7,7,6,25,10,25,40,2,"male",5,"35-39","Saudi Arabia",1,"Employed",4,"Graduate",7,">=3001€"
705,1,0,0,1,1,1,1,1,1,1,0,4,4,4,4,4,3,5,2,3,4,50,5,40,5,1,"female",3,"25-29","Germany",1,"Employed",4,"Graduate",7,">=3001€"
706,1,0,0,1,1,0,0,0,1,0,0,6,6,5,6,6,5,6,6,6,5,20,10,10,60,2,"male",8,">=50","Belgium",2,"Self-employed",4,"Graduate",7,">=3001€"
707,1,0,0,0,1,0,0,1,0,0,0,5,6,4,6,5,3,4,4,5,4,40,0,40,20,2,"male",2,"18-24","Switzerland",3,"Student",4,"Graduate",2,"501-1000€"
708,0,0,0,0,0,0,1,0,0,0,0,2,2,2,4,4,6,4,4,5,4,30,20,20,30,3,"Prefer not to answer",7,"45-49","Austria",1,"Employed",2,"High school",8,"rather not say"
714,1,0,0,0,0,0,0,0,0,0,1,2,2,1,4,2,5,4,5,5,4,11,11,50,28,1,"female",8,">=50","Germany",2,"Self-employed",4,"Graduate",4,"1501-2000€"
716,1,0,0,1,1,1,1,0,0,1,0,4,4,2,5,3,6,6,6,7,6,60,5,20,15,2,"male",2,"18-24","Germany",3,"Student",3,"Undergraduate",8,"rather not say"
717,1,1,0,1,1,0,1,0,1,1,0,6,6,4,6,6,6,6,6,6,6,15,5,15,65,2,"male",4,"30-34","Saudi Arabia",1,"Employed",4,"Graduate",4,"1501-2000€"
718,0,0,0,0,0,0,0,0,0,0,1,1,1,1,2,1,2,5,3,4,5,15,2,70,13,1,"female",2,"18-24","Germany",3,"Student",4,"Graduate",1,"<500€"
720,0,0,0,1,1,0,0,0,0,0,0,3,4,2,6,4,3,2,2,3,2,30,10,40,20,1,"female",2,"18-24","Germany",3,"Student",2,"High school",1,"<500€"
729,1,0,1,1,1,0,1,1,0,1,0,5,5,4,5,5,2,4,4,5,3,0,0,0,100,2,"male",5,"35-39","Saudi Arabia",4,"Unemployed",2,"High school",5,"2001-2500€"
731,1,1,1,1,0,0,1,0,0,0,0,6,6,5,6,7,7,6,5,5,5,20,10,20,50,1,"female",2,"18-24","Germany",3,"Student",3,"Undergraduate",2,"501-1000€"
734,1,1,0,0,0,0,0,0,0,0,1,3,6,4,4,5,5,4,5,3,3,25,15,20,40,2,"male",3,"25-29","Saudi Arabia",1,"Employed",4,"Graduate",3,"1001-1500€"
736,0,0,0,0,1,1,0,0,0,0,0,2,2,1,3,3,4,5,2,3,4,15,30,25,30,1,"female",2,"18-24","Germany",3,"Student",2,"High school",2,"501-1000€"
737,1,0,0,1,1,0,0,0,0,1,0,5,5,4,5,6,3,5,5,3,5,20,10,30,40,2,"male",3,"25-29","Germany",3,"Student",3,"Undergraduate",2,"501-1000€"
738,1,1,0,1,1,0,0,0,0,1,0,3,6,2,5,3,3,5,7,7,7,20,25,25,30,1,"female",2,"18-24","Germany",3,"Student",2,"High school",2,"501-1000€"
739,1,1,0,1,1,0,0,0,0,1,0,5,5,2,6,6,6,5,6,4,5,20,5,15,60,2,"male",3,"25-29","Switzerland",3,"Student",3,"Undergraduate",2,"501-1000€"
744,0,0,0,0,0,1,1,0,0,1,0,2,2,1,2,3,4,4,4,4,4,25,10,30,35,1,"female",3,"25-29","Germany",3,"Student",3,"Undergraduate",2,"501-1000€"
747,0,1,0,1,1,0,0,0,0,1,0,6,6,4,6,6,7,5,6,7,6,25,5,10,60,2,"male",3,"25-29","Germany",1,"Employed",4,"Graduate",3,"1001-1500€"
750,1,0,0,0,0,0,0,0,0,0,1,2,3,1,3,5,5,2,6,5,3,40,10,40,10,1,"female",3,"25-29","Germany",3,"Student",4,"Graduate",1,"<500€"
751,0,0,0,0,1,0,0,0,0,0,0,2,2,2,3,2,4,4,4,5,4,20,40,20,20,1,"female",2,"18-24","Germany",1,"Employed",4,"Graduate",2,"501-1000€"
753,0,1,0,1,1,0,0,0,0,1,0,3,3,2,2,3,5,6,5,5,6,30,5,30,35,1,"female",2,"18-24","Germany",3,"Student",2,"High school",2,"501-1000€"
754,0,0,0,0,1,0,1,0,0,0,0,2,2,1,4,3,7,2,7,6,2,0,0,100,0,1,"female",2,"18-24","Germany",3,"Student",3,"Undergraduate",3,"1001-1500€"
756,1,1,0,1,0,0,1,0,0,0,0,2,3,2,5,3,3,3,4,3,3,10,40,20,30,1,"female",2,"18-24","Germany",3,"Student",2,"High school",2,"501-1000€"
760,0,0,1,0,0,0,0,0,0,0,0,2,3,2,4,3,3,4,3,3,3,10,15,50,25,2,"male",4,"30-34","Saudi Arabia",1,"Employed",3,"Undergraduate",4,"1501-2000€"
761,1,0,0,1,1,1,1,0,0,1,0,3,3,2,3,3,3,5,3,3,5,30,15,15,40,1,"female",2,"18-24","Germany",3,"Student",4,"Graduate",1,"<500€"
765,0,1,0,0,0,0,1,1,0,0,0,3,4,2,4,3,5,5,5,5,5,35,10,20,35,1,"female",3,"25-29","Germany",3,"Student",4,"Graduate",3,"1001-1500€"
768,1,0,0,1,1,1,1,0,1,0,0,4,6,5,5,6,6,5,5,4,5,30,20,20,30,2,"male",3,"25-29","Germany",1,"Employed",3,"Undergraduate",5,"2001-2500€"
769,1,0,0,1,1,1,1,0,0,1,0,3,3,2,2,3,5,5,5,5,5,10,5,55,30,1,"female",2,"18-24","Germany",3,"Student",3,"Undergraduate",4,"1501-2000€"
771,1,0,0,0,0,0,0,0,0,0,1,2,2,2,4,2,6,5,6,6,3,15,0,15,70,1,"female",2,"18-24","Germany",1,"Employed",4,"Graduate",5,"2001-2500€"
772,0,1,1,1,1,0,0,0,0,1,0,5,5,5,5,6,6,6,6,6,6,20,10,20,50,2,"male",3,"25-29","Germany",1,"Employed",4,"Graduate",6,"2501-3000€"
774,1,1,0,1,1,0,0,0,0,1,0,2,2,2,2,3,4,4,6,4,5,30,10,30,30,1,"female",3,"25-29","Germany",3,"Student",4,"Graduate",2,"501-1000€"
777,0,0,0,0,0,0,0,0,0,0,1,1,1,1,2,1,1,1,1,1,1,10,10,20,60,1,"female",5,"35-39","Germany",1,"Employed",4,"Graduate",4,"1501-2000€"
781,0,1,0,1,1,1,1,0,0,0,0,3,3,2,6,4,4,4,5,5,5,15,5,30,50,2,"male",2,"18-24","Belgium",3,"Student",2,"High school",1,"<500€"
782,0,0,0,1,0,0,0,0,0,1,0,5,6,2,5,7,5,5,5,5,5,10,15,30,45,2,"male",3,"25-29","Germany",3,"Student",3,"Undergraduate",2,"501-1000€"
784,1,0,0,0,0,0,1,0,0,1,0,5,3,2,3,3,5,5,5,5,5,25,25,25,25,1,"female",3,"25-29","United States",1,"Employed",3,"Undergraduate",1,"<500€"
786,0,1,0,1,1,0,0,0,1,1,0,6,4,6,4,6,6,4,3,4,3,30,10,30,30,2,"male",3,"25-29","Germany",1,"Employed",4,"Graduate",5,"2001-2500€"
787,1,0,1,1,1,0,0,1,0,0,0,2,4,2,5,2,5,5,5,5,5,50,0,10,40,1,"female",2,"18-24","Germany",3,"Student",2,"High school",2,"501-1000€"
790,0,0,0,0,0,1,1,0,0,0,0,2,2,1,2,2,3,3,3,3,3,30,20,20,30,1,"female",2,"18-24","Italy",3,"Student",2,"High school",1,"<500€"
792,1,0,0,1,1,0,0,0,0,1,0,4,4,4,4,5,3,3,5,5,3,10,5,35,50,2,"male",2,"18-24","Belgium",3,"Student",2,"High school",1,"<500€"
794,0,1,0,1,1,1,1,0,0,0,0,6,7,5,5,6,5,3,5,4,5,30,5,5,60,2,"male",2,"18-24","Belgium",3,"Student",3,"Undergraduate",2,"501-1000€"
795,1,0,0,1,0,0,1,0,0,0,0,4,4,2,5,5,5,6,5,6,5,15,20,25,40,1,"female",2,"18-24","Belgium",3,"Student",4,"Graduate",1,"<500€"
796,1,0,1,1,1,1,1,0,0,1,0,6,6,6,6,6,5,4,7,4,4,30,0,40,30,2,"male",2,"18-24","Belgium",3,"Student",3,"Undergraduate",1,"<500€"
797,0,0,0,1,0,0,0,0,0,0,0,3,3,2,5,3,5,5,5,5,5,30,10,20,40,2,"male",2,"18-24","Belgium",3,"Student",2,"High school",8,"rather not say"
798,0,0,0,1,0,1,1,0,0,0,0,2,2,1,2,2,1,4,4,1,1,20,20,40,20,1,"female",2,"18-24","Belgium",3,"Student",2,"High school",1,"<500€"
799,1,0,0,1,0,1,1,0,0,1,0,6,4,4,6,6,5,5,5,5,5,20,10,60,10,1,"female",2,"18-24","Belgium",3,"Student",4,"Graduate",1,"<500€"
800,1,1,0,1,1,1,1,1,0,0,0,4,4,1,3,6,7,6,7,6,5,40,20,10,30,1,"female",2,"18-24","Germany",3,"Student",4,"Graduate",1,"<500€"
802,0,0,0,0,0,0,0,0,0,0,1,2,2,1,2,1,5,4,5,3,4,20,30,20,30,1,"female",2,"18-24","Belgium",3,"Student",4,"Graduate",1,"<500€"
804,1,0,0,1,1,1,1,0,0,1,0,6,6,5,3,6,7,7,5,6,2,20,0,30,50,2,"male",1,"<18","Belgium",3,"Student",2,"High school",1,"<500€"
811,1,0,0,0,0,0,0,0,0,0,1,3,3,3,6,6,4,5,6,6,6,10,10,50,30,1,"female",2,"18-24","Belgium",3,"Student",2,"High school",1,"<500€"
812,0,1,0,1,1,1,0,0,1,0,0,5,5,2,6,5,5,5,5,5,5,30,5,35,30,2,"male",2,"18-24","Germany",3,"Student",3,"Undergraduate",2,"501-1000€"
813,0,0,0,1,1,1,1,0,0,1,0,6,6,4,6,6,6,4,2,4,3,20,30,30,20,2,"male",2,"18-24","Belgium",3,"Student",2,"High school",1,"<500€"
815,1,0,0,1,1,0,1,1,0,1,0,5,6,5,6,6,5,6,6,5,2,25,5,25,45,2,"male",2,"18-24","Belgium",3,"Student",2,"High school",1,"<500€"
816,0,0,0,1,1,0,1,0,0,1,0,3,3,4,4,3,4,4,4,4,4,20,5,25,50,2,"male",2,"18-24","Germany",1,"Employed",2,"High school",2,"501-1000€"
817,0,0,0,0,0,0,0,0,0,0,1,2,2,1,4,2,2,3,2,2,3,50,5,30,15,1,"female",3,"25-29","Germany",3,"Student",4,"Graduate",2,"501-1000€"
821,1,0,0,1,1,0,0,0,0,1,0,2,5,1,4,5,2,3,3,3,4,30,10,20,40,1,"female",2,"18-24","Germany",3,"Student",2,"High school",1,"<500€"
822,1,0,0,1,0,0,0,0,1,0,0,5,7,4,6,7,3,4,4,3,4,50,0,10,40,3,"Prefer not to answer",4,"30-34","Germany",1,"Employed",4,"Graduate",8,"rather not say"
823,1,0,1,1,1,0,1,0,0,1,0,5,5,5,4,5,4,5,6,4,5,10,10,20,60,2,"male",3,"25-29","Germany",3,"Student",3,"Undergraduate",2,"501-1000€"
824,0,0,0,0,0,0,1,0,0,0,0,2,6,6,6,4,2,3,3,3,3,15,20,25,40,2,"male",8,">=50","Germany",1,"Employed",3,"Undergraduate",4,"1501-2000€"
825,1,0,0,1,1,1,0,0,0,1,0,5,5,4,4,5,5,5,5,5,5,10,10,30,50,2,"male",2,"18-24","Germany",1,"Employed",4,"Graduate",5,"2001-2500€"
826,0,0,0,0,1,0,0,0,0,0,0,5,6,1,2,3,5,3,3,3,3,50,0,50,0,2,"male",5,"35-39","Germany",1,"Employed",4,"Graduate",8,"rather not say"
830,1,0,1,1,1,0,0,1,0,1,0,4,7,3,6,6,7,4,6,5,5,20,5,15,60,2,"male",2,"18-24","Germany",3,"Student",2,"High school",3,"1001-1500€"
835,1,0,1,1,0,0,1,0,0,1,0,5,6,4,5,6,5,5,2,5,6,20,20,30,30,1,"female",2,"18-24","Germany",3,"Student",3,"Undergraduate",3,"1001-1500€"
836,1,0,0,1,0,0,0,0,0,0,0,3,3,5,3,3,5,2,5,5,1,10,5,10,75,2,"male",8,">=50","Germany",1,"Employed",4,"Graduate",7,">=3001€"
841,1,1,1,1,1,1,1,1,1,1,0,6,6,6,6,3,2,6,6,3,4,30,0,10,60,2,"male",3,"25-29","Germany",1,"Employed",4,"Graduate",5,"2001-2500€"
845,1,1,0,0,1,0,1,0,0,1,0,3,3,3,5,3,5,6,4,6,5,25,15,20,40,1,"female",1,"<18","Vietnam",3,"Student",1,"Less than high school",8,"rather not say"
848,0,0,0,0,0,0,0,0,0,0,1,1,1,7,1,1,4,4,4,4,4,10,10,60,20,1,"female",8,">=50","Germany",1,"Employed",4,"Graduate",5,"2001-2500€"
850,1,0,0,1,1,0,1,0,0,0,0,2,2,3,3,2,6,5,6,6,5,20,10,10,60,1,"female",2,"18-24","Germany",3,"Student",2,"High school",2,"501-1000€"
851,1,1,1,1,1,1,1,1,1,1,0,6,7,5,7,7,5,5,5,5,5,25,15,20,40,2,"male",2,"18-24","Germany",3,"Student",2,"High school",3,"1001-1500€"
852,0,1,0,1,0,0,0,0,0,0,0,4,6,5,6,6,3,2,3,4,4,80,10,5,5,2,"male",3,"25-29","Germany",3,"Student",2,"High school",2,"501-1000€"
854,0,1,0,1,0,0,0,0,0,1,0,2,2,2,2,2,4,5,5,5,5,20,5,10,65,1,"female",3,"25-29","Saudi Arabia",1,"Employed",3,"Undergraduate",1,"<500€"
855,1,0,0,0,1,0,0,0,0,0,0,4,4,5,4,5,5,3,4,4,2,20,15,45,20,2,"male",3,"25-29","Germany",3,"Student",3,"Undergraduate",2,"501-1000€"
857,0,0,0,1,1,0,0,0,0,1,0,2,1,1,2,1,5,5,5,5,5,20,10,50,20,1,"female",3,"25-29","Germany",3,"Student",3,"Undergraduate",3,"1001-1500€"
859,0,1,0,0,1,0,0,0,0,0,0,5,4,2,3,5,4,4,4,4,4,20,10,35,35,2,"male",3,"25-29","Germany",3,"Student",2,"High school",8,"rather not say"
864,0,0,0,0,0,0,0,0,0,0,0,1,1,1,1,1,1,1,1,1,1,20,30,20,30,2,"male",4,"30-34","United States",3,"Student",4,"Graduate",8,"rather not say"
865,0,1,0,1,1,0,1,0,0,0,0,2,3,2,2,2,5,5,5,5,6,30,10,30,30,1,"female",3,"25-29","Germany",1,"Employed",4,"Graduate",5,"2001-2500€"
869,1,0,0,1,1,0,0,0,0,0,0,2,2,2,4,2,7,6,6,6,4,20,20,40,20,1,"female",2,"18-24","Germany",3,"Student",2,"High school",2,"501-1000€"
875,1,0,0,1,1,0,0,1,0,0,0,3,3,2,5,3,5,5,5,5,5,10,20,30,40,2,"male",8,">=50","United States",2,"Self-employed",4,"Graduate",7,">=3001€"
881,0,0,0,1,1,0,0,0,0,1,0,4,4,3,5,4,3,3,3,3,3,10,10,40,40,2,"male",2,"18-24","Germany",3,"Student",3,"Undergraduate",2,"501-1000€"
882,0,0,0,0,0,0,1,0,0,1,0,4,6,4,6,6,4,4,4,4,4,35,5,15,45,2,"male",3,"25-29","Germany",3,"Student",4,"Graduate",2,"501-1000€"
883,1,0,0,1,1,0,1,0,0,1,0,5,6,1,2,5,5,5,5,5,5,15,0,50,35,2,"male",3,"25-29","Italy",3,"Student",4,"Graduate",2,"501-1000€"
897,0,0,0,0,0,1,1,0,0,0,0,1,2,1,2,2,1,1,1,1,1,30,5,35,30,2,"male",2,"18-24","Turkey",1,"Employed",4,"Graduate",8,"rather not say"
898,0,1,1,1,1,1,1,0,0,0,0,2,4,1,5,5,4,4,4,4,4,10,10,40,40,1,"female",3,"25-29","Germany",1,"Employed",4,"Graduate",8,"rather not say"
900,1,1,0,1,1,1,1,1,0,0,0,6,6,6,6,6,3,3,3,3,3,10,25,40,25,2,"male",3,"25-29","Chile",1,"Employed",4,"Graduate",5,"2001-2500€"
902,0,1,0,1,0,0,1,0,0,0,0,6,6,3,4,6,6,6,5,4,6,20,10,10,60,2,"male",4,"30-34","Saudi Arabia",1,"Employed",3,"Undergraduate",6,"2501-3000€"
903,0,0,0,0,0,0,0,0,0,0,1,2,2,1,6,2,2,2,6,2,3,30,40,20,10,2,"male",8,">=50","Finland",1,"Employed",4,"Graduate",7,">=3001€"
905,1,0,0,1,1,1,1,0,0,1,0,6,7,4,6,6,6,5,6,6,5,15,0,60,25,2,"male",3,"25-29","Spain",3,"Student",4,"Graduate",8,"rather not say"
908,0,1,0,1,1,1,1,1,0,1,0,3,4,4,5,4,4,5,5,4,6,20,0,50,30,2,"male",4,"30-34","Germany",2,"Self-employed",4,"Graduate",3,"1001-1500€"
909,0,0,0,0,0,1,0,0,0,0,0,2,2,1,5,2,2,2,2,2,2,80,10,5,5,1,"female",3,"25-29","Russia",1,"Employed",4,"Graduate",1,"<500€"
914,1,0,0,0,1,0,0,0,0,0,0,7,7,7,7,7,5,4,5,5,4,32,5,35,28,2,"male",3,"25-29","India",1,"Employed",4,"Graduate",1,"<500€"
917,0,0,0,0,0,0,0,0,0,0,1,2,4,3,4,4,4,4,4,4,4,70,10,10,10,2,"male",4,"30-34","Germany",2,"Self-employed",4,"Graduate",8,"rather not say"
921,0,1,0,1,1,0,1,0,0,0,0,2,2,1,2,2,3,3,3,4,2,0,0,0,100,3,"Prefer not to answer",3,"25-29","Germany",1,"Employed",4,"Graduate",8,"rather not say"
927,0,1,0,0,0,1,1,0,1,1,0,6,6,6,6,6,2,2,2,2,2,40,20,20,20,2,"male",2,"18-24","Afghanistan",2,"Self-employed",3,"Undergraduate",1,"<500€"
929,0,0,0,1,0,0,0,0,0,0,0,2,2,1,3,2,2,2,3,3,3,20,10,30,40,1,"female",4,"30-34","Germany",1,"Employed",4,"Graduate",5,"2001-2500€"
931,1,0,0,1,1,1,1,0,1,1,0,5,4,2,5,5,3,3,2,2,1,0,10,10,80,2,"male",4,"30-34","Germany",4,"Unemployed",4,"Graduate",7,">=3001€"
934,1,0,0,1,1,0,1,0,1,0,0,5,3,2,5,2,5,5,5,3,4,20,10,40,30,2,"male",2,"18-24","Czech Republic",3,"Student",3,"Undergraduate",2,"501-1000€"
936,1,0,0,1,1,0,0,0,0,0,0,3,2,2,4,6,5,4,5,5,4,35,10,25,30,2,"male",3,"25-29","Brazil",1,"Employed",4,"Graduate",4,"1501-2000€"
940,0,0,1,1,0,0,0,0,0,0,0,2,5,2,2,2,2,2,2,2,2,25,10,25,40,2,"male",4,"30-34","Germany",1,"Employed",4,"Graduate",8,"rather not say"
942,1,0,0,1,1,1,1,0,0,1,0,4,3,2,4,5,7,7,7,7,7,20,5,25,50,2,"male",2,"18-24","India",1,"Employed",4,"Graduate",2,"501-1000€"
949,0,1,0,0,1,1,1,0,0,1,0,3,2,4,3,2,2,5,4,4,2,35,15,25,25,3,"Prefer not to answer",3,"25-29","Germany",3,"Student",4,"Graduate",8,"rather not say"
951,0,1,0,0,0,0,1,0,0,0,0,4,4,4,4,4,7,7,6,6,7,50,10,30,10,1,"female",8,">=50","Chile",1,"Employed",2,"High school",4,"1501-2000€"
954,0,1,0,1,1,0,1,0,0,0,0,3,5,5,6,3,7,6,7,7,6,25,10,25,40,2,"male",3,"25-29","Brazil",1,"Employed",4,"Graduate",2,"501-1000€"
959,1,1,0,1,1,0,0,0,0,1,0,3,3,2,4,5,5,5,5,5,5,20,5,25,50,2,"male",2,"18-24","Germany",3,"Student",2,"High school",2,"501-1000€"
961,1,1,0,0,1,1,0,0,0,0,0,6,4,5,7,7,7,6,5,4,5,14,8,18,60,2,"male",3,"25-29","Czech Republic",3,"Student",4,"Graduate",2,"501-1000€"
963,0,1,0,0,0,1,1,0,0,1,0,5,4,1,4,3,4,5,5,5,4,30,20,20,30,1,"female",3,"25-29","Germany",3,"Student",4,"Graduate",2,"501-1000€"
969,1,0,0,1,0,1,1,0,0,1,0,2,6,2,6,6,2,3,3,3,6,50,30,5,15,2,"male",3,"25-29","Austria",1,"Employed",4,"Graduate",2,"501-1000€"
971,1,1,0,0,1,0,1,0,0,1,0,4,6,5,6,6,6,6,4,4,4,50,2,40,8,1,"female",3,"25-29","Finland",1,"Employed",4,"Graduate",2,"501-1000€"
972,1,0,0,1,1,1,1,0,0,1,0,3,3,1,3,1,5,5,5,5,5,20,30,30,20,1,"female",3,"25-29","Germany",3,"Student",3,"Undergraduate",2,"501-1000€"
974,1,0,0,1,1,0,1,0,1,1,0,5,7,4,5,6,4,3,4,4,3,30,10,40,20,2,"male",4,"30-34","Germany",4,"Unemployed",4,"Graduate",3,"1001-1500€"
975,1,0,0,1,1,1,1,0,0,0,0,2,5,2,4,5,5,5,5,4,5,10,10,70,10,1,"female",2,"18-24","Germany",3,"Student",3,"Undergraduate",2,"501-1000€"
976,0,1,1,1,1,1,1,0,1,1,0,6,6,4,6,6,5,4,4,5,4,50,1,10,39,2,"male",3,"25-29","Saudi Arabia",1,"Employed",3,"Undergraduate",7,">=3001€"
978,1,0,0,1,1,0,1,0,0,0,0,2,5,2,6,3,7,5,6,6,5,10,5,25,60,2,"male",3,"25-29","Brazil",1,"Employed",4,"Graduate",7,">=3001€"
979,0,1,1,1,1,0,0,1,1,0,0,5,6,4,5,6,4,4,4,4,4,35,10,20,35,2,"male",3,"25-29","Germany",3,"Student",3,"Undergraduate",2,"501-1000€"
980,0,0,0,0,0,1,1,0,0,1,0,3,4,2,4,6,4,4,2,3,3,40,10,10,40,2,"male",3,"25-29","Belgium",1,"Employed",4,"Graduate",6,"2501-3000€"
986,0,0,0,0,0,0,0,0,0,0,1,1,2,1,2,1,1,1,1,1,1,25,25,25,25,1,"female",8,">=50","Germany",1,"Employed",1,"Less than high school",3,"1001-1500€"
987,0,1,0,0,1,0,0,0,0,0,0,2,1,1,2,2,5,5,7,6,5,30,5,5,60,1,"female",2,"18-24","Russia",3,"Student",2,"High school",1,"<500€"
989,0,1,0,1,1,0,0,0,0,0,0,4,6,3,4,4,5,6,6,6,6,20,10,30,40,2,"male",2,"18-24","Austria",3,"Student",3,"Undergraduate",2,"501-1000€"
991,0,1,0,1,1,0,0,1,0,1,0,1,2,3,4,2,7,1,7,7,1,10,0,30,60,2,"male",3,"25-29","Chile",3,"Student",3,"Undergraduate",1,"<500€"
996,0,1,0,1,0,1,1,0,0,0,0,1,7,1,1,7,2,4,3,2,4,20,20,30,30,2,"male",8,">=50","Germany",2,"Self-employed",4,"Graduate",7,">=3001€"
1007,0,1,0,0,0,1,1,0,0,0,0,1,3,2,4,2,4,5,5,4,4,30,20,29,21,2,"male",2,"18-24","Serbia",3,"Student",3,"Undergraduate",1,"<500€"
1012,1,0,0,0,0,0,0,0,0,0,1,3,3,2,4,4,3,3,4,4,3,30,5,35,30,2,"male",3,"25-29","Croatia",3,"Student",4,"Graduate",1,"<500€"
1013,0,0,0,1,1,1,0,0,0,1,0,4,2,2,5,5,6,5,6,5,6,20,10,30,40,2,"male",2,"18-24","France",3,"Student",4,"Graduate",2,"501-1000€"
1016,0,0,0,0,0,0,0,0,0,0,1,2,1,1,1,1,5,2,4,6,3,40,20,0,40,1,"female",3,"25-29","Turkey",1,"Employed",3,"Undergraduate",2,"501-1000€"
1018,0,1,0,0,0,0,0,0,0,0,1,2,3,2,4,2,4,4,3,3,5,30,10,30,30,2,"male",2,"18-24","United Kingdom",3,"Student",2,"High school",2,"501-1000€"
1020,1,0,0,1,1,0,1,0,0,0,0,3,2,1,4,3,3,3,6,5,3,20,30,20,30,1,"female",2,"18-24","Germany",3,"Student",2,"High school",2,"501-1000€"
1021,1,1,0,0,1,0,0,0,0,0,0,5,4,5,4,5,5,5,5,3,5,30,10,40,20,1,"female",2,"18-24","Germany",1,"Employed",3,"Undergraduate",2,"501-1000€"
1023,0,0,0,1,0,0,0,0,0,0,0,1,1,1,4,1,2,2,2,2,1,20,0,40,40,1,"female",3,"25-29","Germany",1,"Employed",3,"Undergraduate",2,"501-1000€"
1025,1,0,0,0,1,0,0,0,0,0,0,6,7,6,7,7,7,7,7,7,7,3,2,50,45,2,"male",8,">=50","Germany",1,"Employed",4,"Graduate",2,"501-1000€"
1027,0,0,0,1,0,0,1,0,0,1,0,4,3,2,4,3,4,4,3,5,4,30,20,10,40,1,"female",2,"18-24","United Kingdom",3,"Student",3,"Undergraduate",8,"rather not say"
1028,0,0,0,0,1,1,1,0,0,0,0,2,2,2,5,2,3,3,3,3,3,30,10,50,10,1,"female",3,"25-29","Russia",1,"Employed",4,"Graduate",2,"501-1000€"
1036,1,0,0,1,1,1,1,0,0,0,0,7,1,7,2,2,5,5,6,6,5,40,10,20,30,1,"female",2,"18-24","France",3,"Student",4,"Graduate",1,"<500€"
1038,1,0,1,1,1,0,0,0,0,0,0,2,3,4,5,5,5,5,5,5,5,30,10,20,40,2,"male",3,"25-29","Spain",3,"Student",4,"Graduate",2,"501-1000€"
1040,1,0,0,1,1,0,1,0,0,0,0,4,5,3,6,4,5,3,5,5,3,30,0,40,30,2,"male",8,">=50","Germany",1,"Employed",4,"Graduate",6,"2501-3000€"
1043,0,0,0,1,1,0,1,0,0,1,0,3,2,2,5,5,3,4,5,4,5,30,0,50,20,1,"female",2,"18-24","Poland",3,"Student",3,"Undergraduate",2,"501-1000€"
1045,0,0,0,1,1,0,0,0,0,0,0,2,2,2,2,2,2,4,3,3,3,15,0,80,5,1,"female",3,"25-29","Russia",1,"Employed",4,"Graduate",1,"<500€"
1051,1,0,0,1,1,1,1,0,0,0,0,6,6,5,6,6,6,6,6,6,6,20,5,45,30,1,"female",3,"25-29","Germany",3,"Student",4,"Graduate",2,"501-1000€"
1053,0,0,0,1,0,0,1,0,0,0,0,2,2,2,4,2,3,3,3,3,3,0,0,100,0,1,"female",3,"25-29","Germany",1,"Employed",4,"Graduate",8,"rather not say"
1054,1,0,0,1,0,0,0,0,0,1,0,4,4,2,4,3,4,5,5,4,3,20,10,20,50,1,"female",4,"30-34","Germany",2,"Self-employed",4,"Graduate",4,"1501-2000€"
1057,0,0,0,0,1,0,0,0,0,0,0,2,2,2,2,2,3,3,3,3,4,30,30,10,30,1,"female",2,"18-24","Poland",3,"Student",4,"Graduate",2,"501-1000€"
1058,1,0,0,1,1,1,1,1,1,1,0,6,5,2,5,7,2,3,5,5,4,10,10,20,60,2,"male",3,"25-29","Germany",3,"Student",3,"Undergraduate",3,"1001-1500€"
1061,1,0,0,1,0,1,0,0,0,0,0,5,4,4,5,6,4,4,3,4,4,20,30,10,40,3,"Prefer not to answer",3,"25-29","Germany",3,"Student",4,"Graduate",8,"rather not say"
1066,0,0,0,0,0,0,1,0,0,0,0,2,2,1,2,2,1,2,1,1,1,30,20,20,30,1,"female",3,"25-29","Italy",3,"Student",4,"Graduate",2,"501-1000€"
1075,1,1,0,1,1,0,1,0,0,1,0,5,6,4,5,6,6,5,6,5,3,10,5,25,60,2,"male",2,"18-24","Germany",3,"Student",2,"High school",2,"501-1000€"
1076,0,0,0,0,1,0,1,0,0,0,0,1,1,1,7,1,1,1,1,1,1,40,10,20,30,1,"female",2,"18-24","Germany",3,"Student",4,"Graduate",2,"501-1000€"
1078,1,0,1,1,1,1,1,1,0,1,0,4,2,3,6,4,4,5,4,4,6,20,5,15,60,2,"male",2,"18-24","Germany",3,"Student",2,"High school",1,"<500€"
1082,1,1,1,1,1,0,1,1,1,0,0,6,6,4,6,6,5,5,5,5,5,0,0,50,50,2,"male",3,"25-29","Germany",1,"Employed",4,"Graduate",2,"501-1000€"
1086,0,0,0,0,1,0,0,0,0,0,0,2,2,1,2,2,1,2,2,2,1,20,0,35,45,2,"male",3,"25-29","Germany",3,"Student",3,"Undergraduate",2,"501-1000€"
1088,0,1,0,0,1,0,1,0,0,0,0,6,6,4,3,6,3,4,4,3,4,30,20,25,25,2,"male",3,"25-29","Germany",1,"Employed",4,"Graduate",3,"1001-1500€"
1089,0,1,0,0,0,0,0,0,0,1,0,2,2,2,2,2,6,5,6,6,4,25,20,30,25,2,"male",3,"25-29","Germany",3,"Student",4,"Graduate",2,"501-1000€"
1090,1,1,0,1,1,0,0,0,0,0,0,3,1,2,4,2,7,5,7,7,7,15,15,35,35,1,"female",2,"18-24","Germany",3,"Student",3,"Undergraduate",2,"501-1000€"
1098,0,0,0,0,0,0,0,0,0,0,1,1,3,4,2,1,3,3,3,3,4,30,5,35,30,2,"male",3,"25-29","Germany",1,"Employed",4,"Graduate",3,"1001-1500€"
1103,0,1,0,0,0,0,1,0,0,1,0,4,4,2,4,4,6,6,6,6,4,30,10,20,40,1,"female",3,"25-29","Germany",3,"Student",4,"Graduate",8,"rather not say"
1104,0,1,0,1,1,0,1,0,0,0,0,5,4,5,4,3,6,6,6,6,4,25,25,25,25,1,"female",2,"18-24","Germany",3,"Student",3,"Undergraduate",2,"501-1000€"
1109,0,1,0,0,0,0,1,0,0,1,0,7,7,5,6,6,6,6,6,6,6,25,0,50,25,2,"male",2,"18-24","Afghanistan",3,"Student",3,"Undergraduate",8,"rather not say"
1111,0,1,0,1,1,1,0,0,0,1,0,5,5,2,5,5,3,5,3,3,2,15,15,35,35,2,"male",2,"18-24","Germany",1,"Employed",3,"Undergraduate",3,"1001-1500€"
1121,0,0,0,1,1,1,1,0,0,0,0,2,2,1,3,2,2,2,2,2,2,20,5,45,30,1,"female",3,"25-29","Egypt",1,"Employed",4,"Graduate",8,"rather not say"
1132,1,1,0,1,0,1,0,1,1,0,0,6,7,7,7,6,5,6,6,7,7,20,0,30,50,2,"male",3,"25-29","Germany",3,"Student",3,"Undergraduate",2,"501-1000€"
1133,0,1,1,1,1,1,1,1,1,1,0,7,7,6,7,7,5,5,2,5,5,20,0,30,50,2,"male",2,"18-24","Italy",3,"Student",3,"Undergraduate",2,"501-1000€"
1143,1,0,1,0,0,0,0,0,0,0,0,2,4,4,2,6,1,3,1,4,1,40,5,5,50,2,"male",8,">=50","Germany",5,"Retired",3,"Undergraduate",3,"1001-1500€"
1157,0,1,0,1,1,0,0,0,0,1,0,5,5,2,5,5,5,5,2,6,4,20,20,10,50,1,"female",2,"18-24","Germany",3,"Student",2,"High school",3,"1001-1500€"
1171,1,0,1,0,0,0,0,0,0,0,0,4,4,2,3,4,3,5,4,4,5,30,30,10,30,1,"female",8,">=50","Germany",5,"Retired",4,"Graduate",6,"2501-3000€"
1180,0,1,0,1,1,1,1,0,0,1,0,3,2,2,4,3,4,5,4,6,5,15,25,30,30,1,"female",2,"18-24","Germany",3,"Student",3,"Undergraduate",2,"501-1000€"
1189,1,0,0,1,1,1,1,1,0,1,0,1,3,1,4,5,6,6,5,5,4,20,0,35,45,1,"female",3,"25-29","Germany",3,"Student",3,"Undergraduate",2,"501-1000€"
1199,1,0,0,0,0,0,0,0,0,0,1,3,3,2,4,3,5,4,5,4,4,20,10,30,40,2,"male",3,"25-29","France",3,"Student",3,"Undergraduate",3,"1001-1500€"
1208,0,1,0,1,1,1,1,0,0,1,0,6,6,2,6,6,2,6,6,2,6,20,10,30,40,2,"male",3,"25-29","Poland",1,"Employed",4,"Graduate",8,"rather not say"
1213,0,1,0,1,0,1,1,0,0,1,0,2,5,3,5,4,6,6,6,7,5,35,10,50,5,2,"male",2,"18-24","Egypt",1,"Employed",3,"Undergraduate",1,"<500€"
1225,0,1,0,1,1,1,1,0,0,0,0,3,5,1,5,5,5,5,5,5,3,20,10,10,60,1,"female",3,"25-29","Italy",3,"Student",3,"Undergraduate",2,"501-1000€"
1229,0,1,0,0,1,0,0,0,0,0,0,3,3,2,6,2,2,2,4,4,4,20,10,40,30,1,"female",2,"18-24","Germany",3,"Student",4,"Graduate",2,"501-1000€"
1245,0,1,0,0,0,1,1,0,0,0,0,2,2,2,6,2,4,4,4,4,4,40,30,30,0,1,"female",3,"25-29","Serbia",3,"Student",3,"Undergraduate",1,"<500€"
1267,0,0,1,1,1,0,1,0,0,1,0,4,3,4,4,6,4,2,2,4,2,25,20,5,50,2,"male",3,"25-29","Germany",2,"Self-employed",4,"Graduate",6,"2501-3000€"
1270,0,0,0,1,1,1,1,0,0,1,0,6,6,2,7,7,3,6,3,3,4,30,10,30,30,1,"female",3,"25-29","Germany",1,"Employed",4,"Graduate",5,"2001-2500€"
1273,0,0,0,0,1,0,1,0,0,1,0,3,2,1,4,3,4,5,5,4,5,20,20,10,50,1,"female",2,"18-24","Germany",3,"Student",2,"High school",2,"501-1000€"
1274,0,1,0,1,0,0,1,0,0,1,0,2,2,2,2,2,5,5,5,5,4,25,15,25,35,1,"female",2,"18-24","Germany",3,"Student",4,"Graduate",1,"<500€"
1276,1,0,1,1,0,1,1,0,0,1,0,5,5,5,5,5,3,3,3,3,3,10,20,50,20,2,"male",4,"30-34","Germany",2,"Self-employed",3,"Undergraduate",3,"1001-1500€"
1327,1,0,0,1,0,1,1,0,0,0,0,3,2,1,4,3,3,3,3,3,4,15,5,50,30,1,"female",2,"18-24","Netherlands",3,"Student",2,"High school",2,"501-1000€"
1337,0,0,0,1,0,1,1,0,0,0,0,6,5,2,5,6,6,4,6,6,4,15,25,20,40,1,"female",3,"25-29","France",2,"Self-employed",4,"Graduate",4,"1501-2000€"
1342,0,1,0,0,0,1,1,0,0,1,0,5,6,2,3,5,3,3,1,1,4,15,5,50,30,2,"male",2,"18-24","Tunisia",3,"Student",3,"Undergraduate",1,"<500€"
1374,1,0,0,1,1,1,1,0,0,1,0,4,5,3,4,6,5,4,5,5,4,15,10,60,15,1,"female",2,"18-24","Egypt",3,"Student",4,"Graduate",8,"rather not say"
1375,1,1,0,0,1,0,1,0,0,0,0,3,2,2,3,2,5,5,5,4,5,20,20,30,30,1,"female",3,"25-29","Germany",3,"Student",3,"Undergraduate",2,"501-1000€"
1376,1,0,1,0,1,0,0,0,0,0,0,2,3,4,3,5,2,4,2,2,5,50,25,0,25,2,"male",4,"30-34","Germany",1,"Employed",2,"High school",7,">=3001€"
1382,1,0,0,0,0,0,0,0,0,1,0,6,2,5,5,2,7,7,7,7,1,15,5,40,40,1,"female",2,"18-24","Germany",3,"Student",2,"High school",8,"rather not say"
1387,1,1,0,1,1,1,0,0,0,1,0,6,2,1,6,6,6,5,5,6,7,20,10,30,40,1,"female",2,"18-24","Egypt",3,"Student",4,"Graduate",1,"<500€"
1395,0,1,0,1,1,0,0,0,1,1,0,2,2,3,5,3,4,4,5,4,5,30,10,30,30,2,"male",3,"25-29","Croatia",3,"Student",2,"High school",2,"501-1000€"
1402,0,0,0,0,0,0,1,0,0,1,0,2,3,2,4,4,4,4,3,3,5,15,5,10,70,3,"Prefer not to answer",2,"18-24","Germany",3,"Student",3,"Undergraduate",2,"501-1000€"
1416,1,0,0,0,1,1,1,0,0,1,0,4,3,3,4,3,5,5,5,6,4,18,2,35,45,2,"male",2,"18-24","Egypt",1,"Employed",4,"Graduate",8,"rather not say"
1429,1,1,0,1,0,0,0,0,0,1,0,2,2,5,3,3,6,7,6,6,1,25,5,20,50,1,"female",2,"18-24","Egypt",3,"Student",2,"High school",8,"rather not say"
1437,1,0,0,1,1,1,1,0,1,1,0,6,6,2,3,6,6,5,6,6,6,30,5,25,40,2,"male",2,"18-24","France",3,"Student",3,"Undergraduate",8,"rather not say"
1459,1,1,0,0,0,0,0,0,0,0,1,4,5,2,4,6,6,6,6,5,2,30,20,20,30,2,"male",6,"40-44","Saudi Arabia",1,"Employed",4,"Graduate",5,"2001-2500€"
1460,0,1,0,0,0,0,0,0,0,0,1,4,4,2,4,5,5,4,5,5,4,20,20,10,50,1,"female",2,"18-24","Afghanistan",1,"Employed",3,"Undergraduate",2,"501-1000€"
1461,1,1,0,0,0,0,1,0,0,0,0,4,4,3,4,4,4,5,5,4,4,20,10,30,40,2,"male",3,"25-29","Saudi Arabia",1,"Employed",4,"Graduate",7,">=3001€"
1473,1,0,0,0,1,0,0,1,0,0,0,2,2,2,2,2,5,5,5,5,5,10,10,15,65,1,"female",2,"18-24","Germany",3,"Student",2,"High school",1,"<500€"
1474,1,0,0,0,1,0,0,0,0,0,0,4,4,4,4,3,5,5,5,5,5,40,10,30,20,1,"female",3,"25-29","Germany",3,"Student",4,"Graduate",3,"1001-1500€"
1482,0,0,0,1,1,0,0,0,0,1,0,6,6,4,6,7,4,4,4,4,4,20,10,25,45,2,"male",2,"18-24","Germany",3,"Student",2,"High school",2,"501-1000€"
1484,0,1,0,1,0,0,1,0,1,0,0,3,4,1,2,4,2,2,3,2,6,15,5,30,50,1,"female",4,"30-34","Germany",1,"Employed",2,"High school",3,"1001-1500€"
1486,0,0,0,1,1,0,0,0,0,1,0,3,5,4,4,5,4,5,4,4,4,20,10,40,30,2,"male",4,"30-34","Afghanistan",2,"Self-employed",3,"Undergraduate",1,"<500€"
1487,0,1,1,1,1,1,1,0,0,1,0,2,3,1,4,4,5,5,5,6,5,20,10,30,40,1,"female",3,"25-29","Germany",1,"Employed",3,"Undergraduate",2,"501-1000€"
1498,1,0,0,0,0,0,0,1,0,0,0,3,4,2,3,3,4,5,4,4,4,20,0,40,40,1,"female",3,"25-29","France",1,"Employed",4,"Graduate",5,"2001-2500€"
1499,1,0,0,0,1,0,0,1,0,0,0,3,4,2,4,4,5,5,5,5,4,20,20,50,10,1,"female",4,"30-34","Finland",1,"Employed",4,"Graduate",5,"2001-2500€"
1508,0,0,0,1,0,1,1,0,1,1,0,3,5,2,3,3,3,3,3,3,2,15,5,65,15,2,"male",3,"25-29","Germany",3,"Student",3,"Undergraduate",1,"<500€"
1522,0,0,0,1,1,0,0,1,1,1,0,6,6,6,6,6,5,5,6,5,5,30,20,35,15,2,"male",2,"18-24","Germany",3,"Student",4,"Graduate",2,"501-1000€"
1523,1,1,0,1,0,0,1,0,0,1,0,5,6,2,6,6,1,3,3,2,5,15,25,30,30,2,"male",3,"25-29","Saudi Arabia",1,"Employed",4,"Graduate",7,">=3001€"
1528,0,1,0,0,0,0,0,0,0,1,0,4,2,3,5,5,5,6,6,2,6,30,10,15,45,2,"male",3,"25-29","Saudi Arabia",1,"Employed",4,"Graduate",4,"1501-2000€"
1530,0,0,0,1,0,0,1,0,0,0,0,4,4,3,3,6,3,3,3,4,4,25,15,25,35,2,"male",2,"18-24","Saudi Arabia",1,"Employed",4,"Graduate",4,"1501-2000€"
1532,1,0,0,0,0,0,0,1,0,0,0,5,5,3,5,6,4,4,5,5,4,28,13,27,32,1,"female",2,"18-24","Turkey",2,"Self-employed",3,"Undergraduate",2,"501-1000€"
1534,0,1,0,1,1,0,1,0,0,1,0,6,6,5,6,6,5,5,6,5,6,15,5,30,50,2,"male",3,"25-29","Denmark",3,"Student",3,"Undergraduate",8,"rather not say"
1537,1,0,0,1,1,0,1,0,0,1,0,7,7,5,7,7,1,1,2,1,1,30,10,50,10,2,"male",4,"30-34","Germany",1,"Employed",3,"Undergraduate",8,"rather not say"
1539,1,1,0,1,1,0,0,0,0,0,0,3,4,3,6,5,5,2,5,4,5,20,10,20,50,2,"male",3,"25-29","Germany",3,"Student",4,"Graduate",8,"rather not say"
1540,0,1,0,0,0,0,0,0,0,1,0,4,2,1,5,4,7,7,7,6,7,20,10,20,50,1,"female",5,"35-39","Germany",3,"Student",4,"Graduate",2,"501-1000€"
1543,1,1,0,1,1,1,0,0,0,1,0,2,2,1,4,1,5,3,4,5,5,40,0,50,10,1,"female",3,"25-29","Czech Republic",3,"Student",4,"Graduate",3,"1001-1500€"
1546,0,0,0,1,1,0,0,0,0,0,0,2,4,2,4,2,4,4,4,4,4,20,20,30,30,2,"male",4,"30-34","Czech Republic",3,"Student",4,"Graduate",4,"1501-2000€"
1549,1,0,0,1,0,1,1,0,0,0,0,5,6,4,6,6,5,5,5,5,5,37,3,33,27,2,"male",3,"25-29","Germany",1,"Employed",4,"Graduate",3,"1001-1500€"
1557,0,0,0,0,1,0,1,0,0,1,0,4,3,2,5,1,5,5,5,5,4,33,30,17,20,1,"female",2,"18-24","Finland",4,"Unemployed",4,"Graduate",2,"501-1000€"
1559,1,0,0,1,1,1,1,0,1,1,0,5,5,3,4,5,5,5,5,5,5,25,25,25,25,2,"male",3,"25-29","Germany",3,"Student",3,"Undergraduate",2,"501-1000€"
1561,1,0,0,1,1,0,0,1,0,0,0,4,4,4,4,4,5,5,5,5,5,20,0,20,60,2,"male",3,"25-29","Liechtenstein",1,"Employed",2,"High school",7,">=3001€"
1562,1,0,0,1,1,1,1,1,0,1,0,6,5,5,3,6,4,4,4,4,4,10,10,50,30,2,"male",3,"25-29","Germany",3,"Student",3,"Undergraduate",2,"501-1000€"
1564,0,1,0,0,0,0,0,0,0,1,0,6,6,4,5,4,2,3,2,2,6,20,10,20,50,1,"female",2,"18-24","Poland",3,"Student",3,"Undergraduate",1,"<500€"
1565,1,0,0,0,1,0,0,0,0,0,0,7,7,3,6,6,7,7,7,4,7,20,10,20,50,1,"female",2,"18-24","Macedonia",3,"Student",3,"Undergraduate",8,"rather not say"
1566,0,1,0,1,1,0,0,0,0,1,0,3,2,4,2,5,3,4,4,5,4,10,30,20,40,2,"male",3,"25-29","Singapore",3,"Student",4,"Graduate",2,"501-1000€"
1571,0,1,0,1,1,1,1,0,1,1,0,6,4,2,5,6,3,5,3,3,5,25,5,50,20,2,"male",6,"40-44","Germany",1,"Employed",4,"Graduate",7,">=3001€"
1574,1,0,0,1,1,1,1,0,0,1,0,6,4,5,7,7,6,5,6,6,7,25,10,25,40,1,"female",2,"18-24","France",3,"Student",3,"Undergraduate",2,"501-1000€"
1576,0,0,0,0,0,0,0,0,0,1,0,3,6,1,3,6,1,1,5,1,1,25,15,50,10,1,"female",2,"18-24","Croatia",3,"Student",3,"Undergraduate",1,"<500€"
1577,0,1,0,1,1,0,0,0,0,0,0,5,5,5,5,5,5,5,4,5,5,20,10,30,40,2,"male",3,"25-29","Poland",1,"Employed",4,"Graduate",3,"1001-1500€"
1578,0,1,0,1,1,1,0,0,0,1,0,3,2,2,4,3,5,4,6,6,4,10,10,10,70,1,"female",2,"18-24","France",3,"Student",2,"High school",1,"<500€"
1584,1,0,0,0,1,0,1,1,0,0,0,4,4,2,5,5,6,7,7,6,7,15,15,20,50,1,"female",2,"18-24","Germany",3,"Student",3,"Undergraduate",8,"rather not say"
1586,1,0,0,0,1,0,0,0,0,0,0,5,3,3,2,4,6,6,5,5,1,25,10,25,40,1,"female",3,"25-29","Croatia",3,"Student",3,"Undergraduate",1,"<500€"
1587,0,0,1,0,1,0,0,0,1,1,0,2,2,2,6,2,2,5,2,2,5,20,10,5,65,1,"female",4,"30-34","Germany",1,"Employed",4,"Graduate",4,"1501-2000€"
1589,0,1,0,0,0,0,1,0,0,1,0,4,4,4,6,5,5,6,5,5,2,30,10,20,40,1,"female",2,"18-24","Germany",3,"Student",2,"High school",2,"501-1000€"
1591,0,0,0,1,0,0,0,0,0,0,0,2,2,2,2,2,3,2,3,3,3,35,10,20,35,1,"female",3,"25-29","Germany",1,"Employed",2,"High school",8,"rather not say"
1593,0,1,0,1,1,1,1,1,1,1,0,4,7,2,7,6,4,4,4,4,4,30,20,20,30,2,"male",3,"25-29","Switzerland",3,"Student",4,"Graduate",5,"2001-2500€"
1594,0,0,0,0,0,1,1,0,0,0,0,2,2,2,2,2,7,7,6,6,4,25,25,40,10,1,"female",3,"25-29","Russia",1,"Employed",4,"Graduate",2,"501-1000€"
1595,1,0,0,0,0,0,0,1,0,0,0,6,2,5,6,6,3,7,3,5,5,5,5,20,70,2,"male",7,"45-49","Switzerland",1,"Employed",4,"Graduate",8,"rather not say"
1597,0,1,0,1,0,0,0,0,0,0,0,2,3,1,3,3,5,5,3,5,5,25,20,30,25,2,"male",3,"25-29","Russia",1,"Employed",4,"Graduate",3,"1001-1500€"
1601,1,0,0,1,0,1,0,0,0,0,0,2,2,1,3,2,4,4,5,5,5,10,10,10,70,1,"female",3,"25-29","Germany",3,"Student",3,"Undergraduate",2,"501-1000€"
1602,0,0,0,0,0,1,1,0,0,0,0,2,2,2,2,2,2,2,2,2,2,15,25,35,25,1,"female",2,"18-24","Italy",1,"Employed",4,"Graduate",2,"501-1000€"
1607,1,1,0,0,0,0,0,0,0,0,1,5,5,3,3,3,4,5,4,5,4,40,10,10,40,2,"male",3,"25-29","India",4,"Unemployed",4,"Graduate",1,"<500€"
1610,1,1,0,1,1,0,0,0,0,0,0,6,5,4,5,6,5,5,5,6,5,60,0,20,20,2,"male",3,"25-29","Germany",3,"Student",3,"Undergraduate",8,"rather not say"
1611,0,1,0,1,1,0,1,1,0,1,0,4,5,2,5,3,4,5,4,4,4,40,0,20,40,1,"female",2,"18-24","Germany",3,"Student",2,"High school",2,"501-1000€"
1612,0,0,0,1,1,1,1,0,0,1,0,2,3,2,4,3,2,2,1,2,6,25,5,20,50,1,"female",2,"18-24","Germany",3,"Student",2,"High school",2,"501-1000€"
1614,0,0,0,1,0,0,1,0,1,0,0,5,4,1,3,5,2,2,2,2,3,25,0,50,25,2,"male",2,"18-24","Germany",3,"Student",2,"High school",1,"<500€"
1616,1,0,0,1,1,0,0,0,0,0,0,5,5,2,4,5,7,7,7,7,6,15,15,30,40,1,"female",2,"18-24","Poland",3,"Student",3,"Undergraduate",2,"501-1000€"
1617,1,1,1,0,1,0,1,0,0,1,0,6,6,7,6,6,4,1,4,4,1,20,10,30,40,2,"male",2,"18-24","Egypt",1,"Employed",4,"Graduate",2,"501-1000€"
1619,0,1,0,1,1,1,1,0,0,0,0,3,2,2,4,2,7,6,7,7,4,16,6,70,8,1,"female",2,"18-24","Poland",3,"Student",3,"Undergraduate",1,"<500€"
1620,1,0,1,0,1,0,0,1,1,0,0,2,2,2,4,3,5,5,5,6,6,5,70,20,5,1,"female",3,"25-29","Italy",3,"Student",3,"Undergraduate",3,"1001-1500€"
1625,0,0,0,0,0,1,1,0,0,1,0,2,2,2,4,1,4,2,6,2,3,10,10,70,10,1,"female",3,"25-29","Germany",3,"Student",2,"High school",7,">=3001€"
1626,1,0,0,0,1,0,0,0,0,0,0,2,2,2,2,2,4,4,4,7,4,10,40,30,20,1,"female",8,">=50","Germany",2,"Self-employed",4,"Graduate",7,">=3001€"
1629,0,1,1,1,0,0,0,1,0,0,0,3,5,2,6,5,2,6,2,5,6,10,70,10,10,2,"male",2,"18-24","Germany",2,"Self-employed",4,"Graduate",7,">=3001€"
1630,0,1,0,0,1,1,1,0,0,1,0,5,6,4,6,6,6,6,7,6,7,20,5,40,35,2,"male",2,"18-24","Croatia",3,"Student",3,"Undergraduate",1,"<500€"
1634,0,0,0,1,0,1,1,0,0,1,0,2,2,2,5,2,4,4,5,4,3,30,5,15,50,1,"female",2,"18-24","Ukraine",3,"Student",2,"High school",8,"rather not say"
1635,0,0,0,0,1,0,1,0,0,0,0,4,2,4,2,5,2,2,4,3,5,50,10,20,20,2,"male",2,"18-24","Tunisia",3,"Student",4,"Graduate",1,"<500€"
1640,0,1,0,0,1,0,1,0,0,1,0,5,4,4,4,5,4,4,4,4,4,20,10,30,40,2,"male",3,"25-29","Tunisia",3,"Student",4,"Graduate",1,"<500€"
1646,0,1,0,0,1,0,1,0,0,1,0,4,6,6,5,6,6,4,4,5,3,30,5,15,50,2,"male",3,"25-29","Tunisia",4,"Unemployed",4,"Graduate",8,"rather not say"
1647,0,0,0,0,0,1,1,0,0,0,0,2,2,2,2,2,3,3,3,4,3,30,10,20,40,1,"female",3,"25-29","Russia",1,"Employed",4,"Graduate",2,"501-1000€"
1652,0,0,0,1,1,0,0,0,0,1,0,5,2,2,4,2,6,5,5,5,5,20,0,20,60,2,"male",2,"18-24","Germany",3,"Student",3,"Undergraduate",2,"501-1000€"
1653,0,0,0,0,1,0,0,0,0,0,0,1,2,1,6,2,2,3,6,5,4,10,0,32,58,3,"Prefer not to answer",3,"25-29","Germany",3,"Student",2,"High school",2,"501-1000€"
1656,0,0,0,1,0,1,1,0,0,0,0,1,3,1,3,1,2,1,2,2,2,20,5,70,5,1,"female",3,"25-29","Germany",3,"Student",3,"Undergraduate",2,"501-1000€"
1658,1,0,1,1,1,1,1,1,1,1,0,7,7,6,7,7,6,6,6,6,6,20,10,20,50,3,"Prefer not to answer",2,"18-24","Spain",3,"Student",3,"Undergraduate",2,"501-1000€"
1662,0,0,0,1,1,0,0,0,0,1,0,4,4,4,4,4,4,4,4,4,4,45,5,10,40,2,"male",2,"18-24","Germany",3,"Student",3,"Undergraduate",3,"1001-1500€"
1663,0,0,0,1,0,1,1,1,0,0,0,3,3,2,5,3,3,4,3,3,3,20,20,40,20,2,"male",4,"30-34","Netherlands",1,"Employed",4,"Graduate",8,"rather not say"
1664,1,0,1,1,1,0,0,0,0,1,0,6,6,5,6,6,6,6,6,6,6,15,0,50,35,2,"male",3,"25-29","Germany",3,"Student",3,"Undergraduate",3,"1001-1500€"
1667,0,1,0,0,1,0,0,1,0,1,0,3,5,5,5,5,5,4,5,3,5,30,10,10,50,1,"female",2,"18-24","Germany",3,"Student",2,"High school",2,"501-1000€"
1669,0,0,0,1,0,1,1,0,0,1,0,3,3,2,2,4,5,5,5,5,5,20,10,30,40,2,"male",2,"18-24","United States",3,"Student",3,"Undergraduate",8,"rather not say"
1670,1,0,1,1,1,0,0,0,0,0,0,6,7,4,7,7,1,2,2,3,2,1,1,48,50,2,"male",3,"25-29","Germany",3,"Student",4,"Graduate",3,"1001-1500€"
1677,1,0,0,0,0,1,1,0,0,0,0,2,2,1,2,2,4,4,4,4,4,30,10,30,30,1,"female",2,"18-24","Italy",3,"Student",4,"Graduate",2,"501-1000€"
1679,1,0,0,0,0,0,1,0,0,0,0,2,2,2,4,2,4,5,4,4,5,40,10,30,20,1,"female",2,"18-24","Czech Republic",3,"Student",2,"High school",1,"<500€"
1682,0,0,0,0,0,0,1,0,0,1,0,4,3,2,4,3,5,4,5,5,5,10,2,85,3,1,"female",2,"18-24","Germany",3,"Student",3,"Undergraduate",2,"501-1000€"
1684,0,0,0,1,1,1,1,0,0,1,0,2,3,1,4,5,5,4,5,4,1,20,10,20,50,1,"female",2,"18-24","Germany",3,"Student",3,"Undergraduate",2,"501-1000€"
1687,0,0,0,0,1,0,1,0,0,0,0,2,2,4,7,3,1,1,1,1,1,20,10,30,40,2,"male",2,"18-24","Russia",1,"Employed",4,"Graduate",1,"<500€"
1688,0,0,0,0,1,0,1,0,0,0,0,5,2,2,4,5,4,6,6,3,4,20,30,0,50,2,"male",2,"18-24","Russia",2,"Self-employed",4,"Graduate",3,"1001-1500€"
1689,0,0,0,1,0,0,0,0,0,0,0,2,2,2,6,2,5,3,5,4,3,10,10,40,40,2,"male",2,"18-24","Germany",3,"Student",2,"High school",2,"501-1000€"
1691,0,1,0,1,1,1,1,0,0,0,0,2,5,1,7,4,7,7,7,7,7,40,20,20,20,2,"male",2,"18-24","Germany",3,"Student",2,"High school",2,"501-1000€"
1696,1,0,0,1,0,0,0,1,0,0,0,6,6,5,6,6,6,4,3,3,5,5,5,0,90,2,"male",2,"18-24","United States",3,"Student",2,"High school",8,"rather not say"
1698,1,1,0,1,0,0,0,0,0,0,0,5,5,3,3,5,6,6,6,6,3,10,0,20,70,2,"male",3,"25-29","Germany",3,"Student",3,"Undergraduate",4,"1501-2000€"
1703,1,0,0,1,1,1,1,0,0,1,0,3,3,3,4,3,5,5,5,5,5,25,15,35,25,1,"female",2,"18-24","Italy",3,"Student",2,"High school",1,"<500€"
1705,1,0,0,1,0,0,1,0,0,1,0,2,3,2,2,3,5,5,5,4,4,25,15,35,25,1,"female",2,"18-24","Germany",1,"Employed",3,"Undergraduate",4,"1501-2000€"
1706,1,0,0,1,1,0,0,0,0,1,0,3,3,3,4,2,2,2,2,2,2,20,5,30,45,2,"male",3,"25-29","Germany",3,"Student",3,"Undergraduate",2,"501-1000€"
1707,1,0,1,1,1,0,1,1,1,1,0,5,6,4,7,6,6,6,5,6,5,45,5,15,35,2,"male",3,"25-29","Germany",4,"Unemployed",4,"Graduate",7,">=3001€"
1708,1,0,0,0,1,1,1,0,0,1,0,4,4,1,5,3,4,6,5,2,4,15,5,30,50,1,"female",3,"25-29","Germany",3,"Student",4,"Graduate",2,"501-1000€"
1712,1,1,1,1,1,1,0,1,0,1,0,5,6,2,6,5,7,6,7,6,7,25,0,25,50,2,"male",2,"18-24","Germany",1,"Employed",2,"High school",4,"1501-2000€"
1713,1,0,1,1,1,0,1,1,1,1,0,3,6,2,6,6,5,5,6,5,5,30,0,10,60,2,"male",2,"18-24","Germany",3,"Student",2,"High school",3,"1001-1500€"
1716,1,1,1,1,1,1,1,1,0,1,0,6,7,7,7,6,7,6,5,7,7,30,20,10,40,2,"male",2,"18-24","Italy",3,"Student",3,"Undergraduate",2,"501-1000€"
1718,0,1,0,0,0,1,0,0,0,0,0,5,4,2,6,5,6,4,5,5,3,40,10,35,15,2,"male",2,"18-24","Russia",3,"Student",3,"Undergraduate",1,"<500€"
1722,0,0,0,1,0,1,1,0,1,0,0,2,2,1,4,2,2,2,2,2,2,10,0,10,80,2,"male",8,">=50","Germany",1,"Employed",3,"Undergraduate",8,"rather not say"
1724,0,0,0,1,1,0,1,0,0,1,0,2,5,2,5,5,5,5,6,5,4,25,15,20,40,2,"male",2,"18-24","Germany",3,"Student",2,"High school",2,"501-1000€"
1730,0,1,0,1,1,0,1,0,0,0,0,3,4,2,3,3,6,3,4,2,4,40,0,20,40,2,"male",7,"45-49","Germany",1,"Employed",2,"High school",4,"1501-2000€"
1731,1,0,0,1,0,0,0,0,0,0,0,6,5,5,6,7,6,5,6,6,5,40,20,0,40,2,"male",3,"25-29","Germany",3,"Student",2,"High school",3,"1001-1500€"
1732,0,0,0,1,0,0,1,0,0,0,0,3,4,1,4,3,4,4,4,4,4,15,5,30,50,2,"male",4,"30-34","Italy",1,"Employed",2,"High school",3,"1001-1500€"
1733,1,0,0,0,0,0,0,1,0,0,0,4,4,3,6,3,5,5,5,5,5,30,10,25,35,2,"male",4,"30-34","Germany",1,"Employed",4,"Graduate",3,"1001-1500€"
1734,1,0,0,1,1,1,1,0,0,1,0,4,6,4,6,4,7,6,7,7,4,25,10,25,40,2,"male",2,"18-24","Germany",3,"Student",2,"High school",1,"<500€"
1735,0,0,0,0,0,0,0,0,0,0,1,2,2,2,4,2,3,3,3,3,3,15,25,10,50,1,"female",3,"25-29","Germany",3,"Student",3,"Undergraduate",2,"501-1000€"
1736,1,0,0,0,0,0,0,0,0,0,1,1,6,1,6,1,5,5,5,5,5,15,5,10,70,1,"female",3,"25-29","Germany",1,"Employed",3,"Undergraduate",5,"2001-2500€"
1739,0,0,0,1,1,1,1,0,0,0,0,2,3,1,4,3,3,2,2,5,3,25,25,25,25,2,"male",3,"25-29","Czech Republic",1,"Employed",3,"Undergraduate",7,">=3001€"
1741,0,1,0,1,1,0,1,0,0,1,0,3,3,3,4,3,5,5,5,4,3,25,5,15,55,2,"male",3,"25-29","Germany",3,"Student",3,"Undergraduate",2,"501-1000€"
1747,0,0,0,1,0,1,1,0,0,1,0,6,6,2,6,6,5,5,5,5,5,35,10,20,35,2,"male",2,"18-24","Germany",1,"Employed",3,"Undergraduate",4,"1501-2000€"
1749,0,0,0,1,1,0,0,0,0,0,0,3,4,3,5,3,2,3,2,2,3,20,10,40,30,2,"male",3,"25-29","Czech Republic",3,"Student",3,"Undergraduate",1,"<500€"
1753,1,0,0,1,0,1,1,0,0,1,0,2,2,2,4,2,3,4,3,2,3,30,10,20,40,1,"female",3,"25-29","Germany",1,"Employed",4,"Graduate",8,"rather not say"
1754,0,0,1,0,0,0,0,1,1,0,0,5,5,6,5,3,5,5,4,5,6,10,10,15,65,2,"male",3,"25-29","Germany",3,"Student",3,"Undergraduate",2,"501-1000€"
1757,0,0,0,1,0,1,1,0,0,0,0,1,1,1,1,1,1,1,2,1,1,5,40,30,25,1,"female",8,">=50","Germany",1,"Employed",3,"Undergraduate",8,"rather not say"
1761,1,0,0,1,1,0,1,0,0,0,0,3,6,5,6,6,3,2,3,6,4,30,10,40,20,1,"female",3,"25-29","United States",1,"Employed",3,"Undergraduate",3,"1001-1500€"
1768,1,0,0,0,0,0,0,0,0,0,1,5,5,4,4,4,4,4,4,4,3,14,1,70,15,2,"male",2,"18-24","Russia",2,"Self-employed",3,"Undergraduate",2,"501-1000€"
1771,1,0,0,0,0,0,1,0,0,1,0,1,1,1,2,1,3,3,3,3,3,50,5,30,15,1,"female",2,"18-24","Switzerland",1,"Employed",3,"Undergraduate",7,">=3001€"
1772,0,1,0,1,1,1,1,0,0,1,0,2,2,2,4,2,4,2,4,2,4,40,30,10,20,1,"female",4,"30-34","Germany",1,"Employed",2,"High school",5,"2001-2500€"
1773,0,1,0,1,1,0,1,0,0,0,0,2,2,1,1,2,6,7,6,5,7,10,10,40,40,1,"female",3,"25-29","Germany",3,"Student",4,"Graduate",2,"501-1000€"
1774,1,0,0,1,1,1,1,0,0,0,0,6,6,6,6,6,5,5,6,6,6,20,0,40,40,2,"male",3,"25-29","Germany",1,"Employed",4,"Graduate",4,"1501-2000€"
1775,0,0,0,1,0,1,1,0,0,1,0,5,6,4,6,6,2,3,2,2,3,30,10,30,30,2,"male",3,"25-29","Germany",3,"Student",3,"Undergraduate",1,"<500€"
1780,0,1,0,1,1,0,0,0,0,0,0,4,2,1,3,2,5,4,6,4,5,40,25,5,30,1,"female",7,"45-49","Poland",1,"Employed",4,"Graduate",7,">=3001€"
1782,0,0,0,0,0,0,0,0,0,0,1,1,2,1,4,1,1,4,1,4,4,25,25,25,25,2,"male",7,"45-49","Poland",2,"Self-employed",4,"Graduate",8,"rather not say"
1784,0,0,0,1,0,0,0,1,0,1,0,2,3,1,5,3,5,4,5,5,5,30,0,20,50,1,"female",2,"18-24","Germany",3,"Student",3,"Undergraduate",3,"1001-1500€"
1785,1,0,1,1,1,1,1,0,0,1,0,6,7,3,6,6,6,5,4,5,5,15,15,25,45,2,"male",2,"18-24","Germany",3,"Student",4,"Graduate",3,"1001-1500€"
1787,0,0,0,1,0,0,1,0,0,0,0,1,1,1,1,1,4,4,1,1,4,20,40,10,30,2,"male",2,"18-24","Germany",3,"Student",2,"High school",1,"<500€"
1789,1,0,0,1,1,0,0,1,1,1,0,5,6,4,5,6,4,5,5,5,5,30,5,30,35,2,"male",3,"25-29","Germany",3,"Student",3,"Undergraduate",3,"1001-1500€"
1790,1,0,0,1,1,0,0,0,0,0,0,4,6,4,4,6,6,6,7,6,5,30,0,0,70,2,"male",2,"18-24","Germany",1,"Employed",2,"High school",4,"1501-2000€"
1791,0,0,0,0,0,0,0,0,0,0,1,4,4,3,5,3,5,5,4,4,3,20,0,80,0,2,"male",1,"<18","Germany",3,"Student",3,"Undergraduate",1,"<500€"
1794,1,0,0,1,0,0,0,0,0,1,0,2,2,5,4,2,6,4,5,2,5,19,17,31,33,1,"female",2,"18-24","Germany",3,"Student",2,"High school",2,"501-1000€"
1795,1,0,0,1,1,0,0,0,0,0,0,5,6,5,5,6,6,6,6,6,6,30,5,5,60,2,"male",3,"25-29","Germany",1,"Employed",3,"Undergraduate",3,"1001-1500€"
1796,0,0,0,1,1,1,1,1,0,1,0,5,6,1,6,4,1,1,1,1,1,15,5,30,50,2,"male",3,"25-29","Germany",3,"Student",3,"Undergraduate",2,"501-1000€"
1797,0,1,0,1,0,0,1,0,0,1,0,2,2,2,2,2,4,5,5,4,5,20,30,30,20,1,"female",3,"25-29","France",1,"Employed",4,"Graduate",5,"2001-2500€"
1798,1,0,0,1,1,0,0,1,0,0,0,2,2,2,4,2,2,7,7,7,5,20,20,40,20,2,"male",3,"25-29","Germany",3,"Student",3,"Undergraduate",3,"1001-1500€"
1799,1,0,0,0,0,0,0,0,0,1,0,5,5,3,3,4,5,4,4,3,5,90,5,5,0,1,"female",3,"25-29","Denmark",3,"Student",3,"Undergraduate",3,"1001-1500€"
1800,0,1,0,1,1,1,1,0,0,1,0,3,2,2,3,3,5,6,5,6,6,30,10,30,30,1,"female",3,"25-29","France",4,"Unemployed",4,"Graduate",2,"501-1000€"
1802,1,0,0,1,0,0,0,1,1,0,0,5,5,3,3,5,5,5,5,5,5,50,10,10,30,2,"male",3,"25-29","Germany",1,"Employed",2,"High school",3,"1001-1500€"
1803,0,1,0,1,1,0,1,0,0,1,0,7,6,6,6,6,7,6,5,5,5,25,25,25,25,2,"male",5,"35-39","France",1,"Employed",4,"Graduate",4,"1501-2000€"
1804,0,1,0,0,1,0,0,0,0,0,0,4,4,3,5,3,4,4,4,3,4,10,5,10,75,1,"female",5,"35-39","Germany",1,"Employed",4,"Graduate",8,"rather not say"
1809,0,0,0,1,1,1,1,0,0,0,0,5,5,2,6,5,6,6,6,6,6,20,10,30,40,2,"male",2,"18-24","Germany",3,"Student",3,"Undergraduate",2,"501-1000€"
1814,0,0,0,1,0,0,1,0,0,1,0,2,2,1,3,3,2,2,2,2,4,10,10,40,40,1,"female",1,"<18","Germany",3,"Student",1,"Less than high school",1,"<500€"
1815,1,0,0,1,1,0,1,0,0,1,0,4,5,4,4,5,5,5,5,5,4,15,5,30,50,2,"male",4,"30-34","United States",1,"Employed",2,"High school",8,"rather not say"
1818,1,0,0,1,1,1,1,0,1,1,0,5,6,2,6,5,7,7,7,7,1,30,10,20,40,2,"male",2,"18-24","Germany",3,"Student",4,"Graduate",2,"501-1000€"
1820,0,0,0,1,1,0,1,0,0,1,0,2,2,1,2,1,4,3,3,3,2,30,20,40,10,1,"female",6,"40-44","France",1,"Employed",4,"Graduate",7,">=3001€"
1823,0,0,0,1,0,0,0,0,0,0,0,1,1,1,4,1,4,4,4,5,5,0,0,100,0,1,"female",3,"25-29","Germany",3,"Student",3,"Undergraduate",1,"<500€"
1824,0,0,0,1,0,0,0,0,0,1,0,4,5,5,5,5,1,2,2,3,6,50,30,20,0,1,"female",3,"25-29","France",2,"Self-employed",4,"Graduate",7,">=3001€"
1825,1,0,0,1,0,1,1,0,0,1,0,5,3,2,4,5,6,7,6,6,6,10,30,20,40,1,"female",3,"25-29","France",1,"Employed",4,"Graduate",3,"1001-1500€"
1826,0,1,0,1,0,0,1,0,0,1,0,5,6,5,5,6,3,3,3,3,3,20,0,50,30,1,"female",3,"25-29","Germany",3,"Student",3,"Undergraduate",1,"<500€"
1827,0,0,0,1,1,0,0,0,0,1,0,7,6,2,2,4,5,5,4,5,5,50,10,20,20,1,"female",2,"18-24","Germany",3,"Student",4,"Graduate",2,"501-1000€"
1828,1,0,0,1,1,1,1,0,0,1,0,5,6,5,4,5,5,5,5,6,5,30,20,10,40,2,"male",3,"25-29","Germany",1,"Employed",4,"Graduate",2,"501-1000€"
1829,1,0,0,1,0,0,1,0,0,0,0,4,4,2,5,5,5,5,5,4,4,20,10,40,30,2,"male",8,">=50","Germany",2,"Self-employed",3,"Undergraduate",7,">=3001€"
1831,1,0,0,1,1,0,1,1,0,1,0,4,5,2,5,5,6,5,5,6,5,20,10,20,50,2,"male",2,"18-24","Germany",3,"Student",2,"High school",2,"501-1000€"
1833,0,1,0,1,1,0,1,1,0,1,0,2,6,3,3,2,5,5,5,5,5,30,10,40,20,1,"female",3,"25-29","Germany",3,"Student",3,"Undergraduate",3,"1001-1500€"
1834,1,0,0,1,1,0,0,1,0,1,0,4,6,4,6,6,2,6,7,6,6,30,5,15,50,3,"Prefer not to answer",3,"25-29","France",3,"Student",4,"Graduate",2,"501-1000€"
1835,0,0,0,1,1,0,1,0,0,1,0,5,5,2,5,5,4,5,3,4,4,25,10,40,25,1,"female",3,"25-29","France",4,"Unemployed",4,"Graduate",1,"<500€"
1837,0,0,1,1,1,0,1,0,0,1,0,5,5,2,5,5,4,4,4,4,4,15,5,40,40,2,"male",2,"18-24","United Kingdom",3,"Student",2,"High school",1,"<500€"
1839,0,0,0,1,1,1,1,0,0,1,0,3,2,1,3,2,5,4,3,4,4,15,15,25,45,1,"female",3,"25-29","France",1,"Employed",4,"Graduate",5,"2001-2500€"
1841,1,0,0,1,1,0,0,1,0,1,0,4,4,4,5,4,5,5,5,5,5,5,5,10,80,2,"male",3,"25-29","Germany",1,"Employed",4,"Graduate",7,">=3001€"
1844,0,0,0,0,0,1,1,0,0,0,0,2,2,2,6,2,4,5,4,4,5,20,40,20,20,1,"female",8,">=50","Poland",1,"Employed",4,"Graduate",7,">=3001€"
1851,0,0,0,1,1,0,1,0,0,0,0,1,1,7,4,1,2,4,2,2,2,25,25,20,30,1,"female",8,">=50","Germany",1,"Employed",4,"Graduate",7,">=3001€"
1852,0,0,0,1,1,1,1,0,0,1,0,2,5,1,5,3,1,4,1,3,1,30,10,30,30,1,"female",4,"30-34","Germany",1,"Employed",4,"Graduate",7,">=3001€"
1853,1,0,1,0,0,0,0,0,0,0,0,4,6,2,5,6,3,3,2,2,4,50,0,50,0,2,"male",2,"18-24","Germany",3,"Student",2,"High school",7,">=3001€"
1854,0,0,0,1,1,1,1,0,0,1,0,4,3,2,4,5,4,4,4,4,3,0,0,40,60,2,"male",2,"18-24","Germany",3,"Student",2,"High school",1,"<500€"
1855,1,0,1,1,1,0,1,1,1,1,0,6,6,6,6,6,6,6,6,6,6,30,10,20,40,2,"male",2,"18-24","Germany",3,"Student",2,"High school",2,"501-1000€"
1857,1,0,0,0,1,0,0,0,0,0,0,3,3,3,3,5,6,6,6,6,2,8,2,10,80,2,"male",3,"25-29","Germany",1,"Employed",4,"Graduate",7,">=3001€"
1858,1,1,0,1,0,0,0,0,0,0,0,4,7,3,5,5,4,4,4,4,4,15,15,55,15,2,"male",3,"25-29","Germany",3,"Student",4,"Graduate",4,"1501-2000€"
1861,1,1,1,1,0,1,1,0,0,0,0,2,2,1,4,2,2,3,5,5,4,20,0,40,40,2,"male",3,"25-29","Austria",3,"Student",3,"Undergraduate",2,"501-1000€"
1862,1,1,0,0,1,1,1,0,0,1,0,2,2,2,2,5,3,5,5,4,4,10,5,5,80,2,"male",2,"18-24","Poland",3,"Student",1,"Less than high school",2,"501-1000€"
1863,0,0,0,0,0,1,1,0,0,0,0,1,1,1,4,1,1,2,3,1,3,0,0,80,20,2,"male",3,"25-29","Germany",2,"Self-employed",4,"Graduate",8,"rather not say"
1867,1,0,0,0,0,0,0,1,0,0,0,5,5,4,6,4,6,4,5,5,4,10,10,20,60,2,"male",2,"18-24","United States",4,"Unemployed",3,"Undergraduate",1,"<500€"
1871,1,0,1,1,1,0,0,1,0,0,0,5,5,4,6,6,2,5,5,4,1,10,5,20,65,2,"male",3,"25-29","Germany",3,"Student",3,"Undergraduate",1,"<500€"
1875,1,0,0,1,1,1,0,0,0,0,0,6,6,5,6,6,5,6,6,3,5,15,15,20,50,2,"male",8,">=50","United States",1,"Employed",4,"Graduate",7,">=3001€"
1891,1,1,0,1,1,1,1,1,1,1,0,6,6,6,4,6,5,5,5,5,4,30,10,30,30,2,"male",4,"30-34","Germany",3,"Student",4,"Graduate",3,"1001-1500€"
1901,1,0,0,1,0,0,0,1,0,0,0,2,2,1,4,2,7,7,7,7,7,15,20,32,33,1,"female",2,"18-24","Germany",1,"Employed",3,"Undergraduate",4,"1501-2000€"
1914,0,0,0,1,0,0,1,0,0,0,0,4,3,2,4,4,4,4,5,4,4,20,10,35,35,1,"female",4,"30-34","Germany",2,"Self-employed",4,"Graduate",8,"rather not say"
1919,1,0,1,1,1,1,0,0,1,1,0,5,7,4,7,7,6,5,2,6,6,25,5,20,50,2,"male",2,"18-24","Germany",3,"Student",2,"High school",1,"<500€"
1920,0,0,0,1,1,0,1,0,0,1,0,5,6,3,6,6,4,4,4,5,5,20,5,30,45,1,"female",2,"18-24","Germany",3,"Student",2,"High school",1,"<500€"
1925,1,0,0,1,1,0,0,0,0,0,0,2,2,6,2,6,5,5,6,4,5,40,10,40,10,2,"male",3,"25-29","Germany",1,"Employed",4,"Graduate",5,"2001-2500€"
